,cluster,lsat,ugpa,zfygpa,zgpa,bar1,fulltime,fam_inc,age,gender,race
0,4.0,32.5,3.2,-0.76,-0.56,1,1.0,4.0,-62.0,1,1
1,5.0,41.0,3.9,1.08,0.88,1,1.0,3.0,-57.0,1,1
2,3.0,36.0,2.9,-0.53,-1.05,0,1.0,4.0,-61.0,1,1
3,1.0,36.0,3.1,-0.67,-0.9,1,1.0,3.0,-61.0,1,0
4,1.0,34.0,2.5,-1.14,-0.93,0,1.0,4.0,-60.0,0,0
5,5.0,41.0,3.2,-0.16,-0.19,0,1.0,5.0,-59.0,0,1
6,3.0,36.0,3.3,0.45,0.23,1,1.0,4.0,-62.0,0,1
7,1.0,41.0,3.4,-0.38,-0.83,0,1.0,3.0,-58.0,1,1
8,2.0,35.0,3.3,0.91,1.26,1,1.0,4.0,-61.0,0,1
9,1.0,37.0,3.2,-0.65,-0.59,1,1.0,3.0,-61.0,1,1
10,5.0,42.0,3.8,0.35,0.35,1,1.0,4.0,-55.0,1,1
11,3.0,36.0,3.6,0.45,0.44,1,1.0,3.0,-62.0,1,1
12,1.0,44.0,3.7,-1.26,-1.42,1,1.0,3.0,-60.0,0,1
13,3.0,37.0,3.7,1.08,0.98,1,1.0,3.0,-62.0,0,1
14,3.0,34.0,3.5,-0.2,-0.57,1,1.0,4.0,-63.0,1,1
15,3.0,42.0,3.3,-1.59,-0.82,1,1.0,4.0,-62.0,0,1
16,1.0,26.0,2.6,1.28,-0.85,0,2.0,4.0,-61.0,0,1
17,1.0,38.0,3.6,0.22,0.18,1,1.0,4.0,-62.0,1,1
18,5.0,30.0,2.9,-0.86,-1.43,0,1.0,4.0,-60.0,0,1
19,2.0,45.0,3.1,2.23,2.14,0,1.0,4.0,-61.0,1,1
20,3.0,40.0,2.6,-0.44,-1.36,0,1.0,4.0,-60.0,1,1
21,3.0,42.0,3.9,0.61,0.47,1,1.0,3.0,-55.0,1,1
22,3.0,38.0,2.2,-0.94,-0.91,1,1.0,4.0,-57.0,0,1
23,3.0,37.0,2.5,-0.77,-1.55,0,1.0,5.0,-61.0,0,1
24,5.0,45.0,3.6,0.25,0.19,1,1.0,4.0,-65.0,1,1
25,1.0,39.0,3.5,-0.81,-0.07,1,1.0,3.0,-49.0,0,1
26,3.0,31.0,3.0,-1.46,-1.34,0,2.0,2.0,-42.0,0,0
27,3.0,34.0,3.0,-0.5,-1.41,0,1.0,4.0,-62.0,1,1
28,1.0,41.0,3.8,1.6,1.49,1,1.0,3.0,-62.0,1,1
29,4.0,43.0,3.6,-0.99,-0.1,1,1.0,4.0,-60.0,1,1
30,3.0,27.0,2.3,-1.26,-1.27,1,1.0,3.0,-55.0,0,0
31,1.0,39.0,3.4,1.0,0.19,0,1.0,4.0,-62.0,1,1
32,3.0,32.0,3.2,-1.48,-1.65,0,1.0,4.0,-62.0,1,1
33,1.0,30.0,3.2,-1.38,-1.32,0,1.0,3.0,-61.0,1,1
34,3.0,38.0,2.9,-1.51,-0.31,1,1.0,4.0,-62.0,1,1
35,4.0,31.0,2.6,-1.26,-1.87,0,1.0,5.0,-59.0,0,0
36,3.0,33.0,2.5,-0.32,-1.27,1,1.0,4.0,-58.0,0,1
37,4.0,41.0,3.0,0.49,0.38,1,1.0,4.0,-62.0,1,1
38,3.0,40.0,3.7,-0.75,-0.73,0,1.0,3.0,-59.0,1,1
39,3.0,34.0,2.7,-1.71,-1.54,0,1.0,4.0,-60.0,0,1
40,4.0,25.0,3.3,-0.09,-0.24,0,1.0,2.0,-61.0,1,0
41,5.0,44.0,3.8,0.78,1.4,1,1.0,4.0,-62.0,1,1
42,1.0,35.5,3.6,-0.09,0.38,1,1.0,2.0,-53.0,0,1
43,4.0,38.0,3.0,-1.23,-0.86,1,1.0,5.0,-61.0,0,1
44,4.0,48.0,3.8,0.86,0.99,1,1.0,2.0,-56.0,1,1
45,3.0,37.0,3.6,1.45,1.39,1,1.0,3.0,-62.0,1,1
46,1.0,35.0,3.5,0.26,0.26,1,1.0,4.0,-58.0,0,1
47,3.0,37.0,3.1,1.33,0.65,1,1.0,4.0,-62.0,1,1
48,1.0,42.0,3.2,0.58,0.74,1,1.0,4.0,-59.0,0,1
49,3.0,37.0,3.8,-0.88,-2.11,0,1.0,3.0,-62.0,1,1
50,1.0,23.5,2.3,-1.38,-1.77,1,1.0,1.0,-56.0,0,0
51,1.0,40.0,3.6,-0.01,-0.02,1,1.0,4.0,-61.0,1,0
52,4.0,37.5,3.0,-0.54,-0.51,1,2.0,4.0,-58.0,0,1
53,3.0,27.0,3.3,1.25,0.41,1,1.0,2.0,-61.0,1,0
54,1.0,24.0,2.6,-1.6,-1.77,0,1.0,3.0,-61.0,1,0
55,3.0,26.0,2.3,-2.05,-1.39,0,2.0,3.0,-56.0,0,0
56,1.0,40.0,3.4,-0.49,-0.57,0,1.0,3.0,-53.0,0,1
57,1.0,39.0,3.5,1.84,1.89,1,1.0,3.0,-59.0,0,1
58,4.0,36.5,3.4,-0.8,-0.87,0,1.0,2.0,-58.0,1,1
59,3.0,37.0,2.2,-0.47,-0.9,0,2.0,5.0,-52.0,0,1
60,1.0,32.0,3.3,0.28,0.0,1,1.0,2.0,-55.0,1,1
61,3.0,19.0,3.2,-0.7,-0.45,0,1.0,3.0,-62.0,1,0
62,3.0,31.5,3.0,-0.44,-0.17,1,1.0,4.0,-61.0,1,1
63,3.0,38.0,2.8,-1.26,-1.86,1,1.0,2.0,-60.0,0,0
64,2.0,27.5,3.1,-0.02,-0.77,0,1.0,4.0,-61.0,0,1
65,3.0,44.0,3.1,-0.79,-1.34,1,1.0,4.0,-61.0,0,1
66,1.0,32.0,2.4,-0.53,-0.7,0,1.0,1.0,-56.0,0,0
67,1.0,29.0,2.8,-1.32,-2.31,0,1.0,2.0,-64.0,0,0
68,3.0,36.0,3.3,0.14,0.53,1,2.0,3.0,-57.0,0,1
69,3.0,30.0,3.0,-0.09,-0.61,0,1.0,3.0,-61.0,0,1
70,3.0,34.0,3.4,0.8,0.81,1,1.0,4.0,-56.0,1,1
71,1.0,40.0,3.2,-0.78,-1.25,1,1.0,4.0,-61.0,0,1
72,1.0,35.0,3.7,-0.37,-0.27,1,1.0,3.0,-62.0,0,1
73,4.0,42.5,3.6,0.94,0.84,1,1.0,5.0,-60.0,1,1
74,4.0,36.0,2.8,-1.05,-1.47,0,1.0,4.0,-62.0,0,1
75,1.0,33.0,3.1,-0.81,-1.55,0,1.0,3.0,-62.0,1,0
76,3.0,39.0,3.4,-0.05,-0.35,0,1.0,4.0,-61.0,1,1
77,1.0,39.0,3.8,0.38,-0.06,1,1.0,4.0,-62.0,0,1
78,4.0,42.0,3.9,-0.18,-0.08,1,1.0,4.0,-62.0,1,1
79,4.0,31.0,3.0,-1.66,-0.95,0,1.0,3.0,-57.0,1,1
80,2.0,33.0,2.9,1.21,2.3,1,1.0,4.0,-61.0,1,1
81,4.0,38.0,3.3,0.74,0.45,1,1.0,3.0,-62.0,1,1
82,2.0,39.0,3.7,1.4,1.85,1,1.0,1.0,-59.0,0,1
83,1.0,42.0,3.4,-0.4,0.21,1,1.0,2.0,-59.0,1,1
84,3.0,32.0,3.0,0.56,1.89,1,2.0,3.0,-52.0,1,1
85,5.0,26.0,3.2,-2.22,-2.14,0,1.0,4.0,-61.0,1,0
86,1.0,37.0,3.6,0.5,0.18,0,1.0,3.0,-59.0,0,1
87,3.0,36.0,3.2,2.0,2.31,1,1.0,4.0,-50.0,1,1
88,1.0,38.5,3.6,1.2,1.23,1,1.0,4.0,-62.0,0,1
89,2.0,30.0,3.2,-1.13,-1.27,0,1.0,3.0,-48.0,1,1
90,3.0,30.0,3.1,0.75,0.8,1,1.0,5.0,-66.0,0,1
91,3.0,39.0,3.1,1.44,0.84,1,2.0,4.0,-61.0,1,1
92,6.0,30.0,2.7,1.14,0.29,1,1.0,2.0,-57.0,0,0
93,2.0,34.0,3.0,-0.55,0.43,1,2.0,4.0,-62.0,1,1
94,4.0,42.0,2.9,1.31,-0.17,1,1.0,4.0,-59.0,0,0
95,3.0,33.0,3.2,0.6,0.17,1,2.0,2.0,-45.0,0,1
96,3.0,24.0,3.0,-1.04,-0.78,0,1.0,3.0,-55.0,0,1
97,5.0,46.0,3.1,2.03,0.98,1,1.0,3.0,-56.0,0,1
98,2.0,31.5,2.6,-0.96,-1.49,0,1.0,3.0,-62.0,1,1
99,4.0,33.0,3.8,0.77,0.99,1,1.0,3.0,-62.0,1,1
100,3.0,45.0,3.5,0.15,0.95,0,1.0,2.0,-49.0,0,1
101,3.0,31.0,3.6,1.27,1.05,1,1.0,4.0,-54.0,1,1
102,1.0,38.0,3.0,0.12,0.07,1,1.0,3.0,-49.0,1,1
103,1.0,44.0,3.8,0.21,0.35,1,1.0,4.0,-63.0,0,1
104,3.0,33.0,3.1,-0.45,-0.76,1,1.0,4.0,-62.0,0,1
105,3.0,36.0,3.6,-0.89,-0.29,1,1.0,2.0,-47.0,0,1
106,3.0,35.0,3.3,-1.06,-0.77,0,1.0,3.0,-62.0,0,1
107,4.0,32.3,3.2,-1.51,-1.51,0,1.0,4.0,-65.0,1,1
108,3.0,33.0,3.1,-1.42,-1.03,0,1.0,3.0,-60.0,0,1
109,3.0,38.0,3.0,0.48,0.65,0,1.0,4.0,-61.0,0,1
110,3.0,44.0,2.6,0.26,-0.37,1,1.0,3.0,-62.0,0,1
111,4.0,28.5,3.4,-2.87,-2.52,0,1.0,2.0,-66.0,1,0
112,1.0,41.0,3.0,-0.46,0.14,1,1.0,4.0,-61.0,0,1
113,3.0,29.0,3.0,-0.57,-1.02,0,1.0,2.0,-51.0,0,0
114,3.0,37.0,3.9,-0.05,0.0,1,1.0,4.0,-62.0,0,0
115,4.0,43.0,3.5,-0.66,-0.79,1,1.0,4.0,-62.0,1,1
116,4.0,43.0,3.7,-0.26,-0.4,0,1.0,4.0,-67.0,0,1
117,4.0,33.0,2.6,-1.35,-1.3,0,2.0,4.0,-50.0,1,0
118,4.0,38.0,2.1,-1.81,-1.82,0,1.0,4.0,-54.0,1,1
119,3.0,37.0,2.7,-0.49,-0.78,1,1.0,4.0,-61.0,0,1
120,3.0,33.0,3.6,0.25,0.5,0,1.0,2.0,-48.0,1,1
121,3.0,37.0,2.9,-0.14,0.1,1,1.0,4.0,-61.0,1,1
122,3.0,28.0,3.2,-0.55,-1.37,0,1.0,3.0,-60.0,0,0
123,3.0,25.0,2.4,-1.29,-1.52,0,1.0,4.0,-66.0,1,0
124,5.0,41.0,2.9,-1.26,-1.07,0,1.0,4.0,-60.0,0,0
125,3.0,27.0,2.7,-1.9,-1.27,0,1.0,4.0,-60.0,1,0
126,4.0,36.0,3.3,-0.38,-0.41,1,1.0,4.0,-62.0,0,1
127,4.0,42.0,3.5,1.0,0.03,1,1.0,4.0,-62.0,1,1
128,4.0,47.0,3.6,0.6,0.83,1,1.0,5.0,-61.0,0,1
129,3.0,36.0,2.5,0.07,-0.04,1,1.0,4.0,-62.0,0,1
130,2.0,26.0,3.2,0.53,-0.76,1,1.0,4.0,-52.0,0,1
131,3.0,34.0,2.8,-1.79,-1.82,0,1.0,4.0,-55.0,0,1
132,6.0,30.0,2.1,0.18,-0.17,0,1.0,2.0,-57.0,0,0
133,3.0,37.0,2.8,-0.09,-0.52,1,2.0,3.0,-55.0,1,1
134,3.0,37.0,2.9,0.15,-0.2,0,1.0,3.0,-63.0,0,1
135,3.0,30.0,3.4,-0.98,-0.67,0,2.0,3.0,-48.0,0,1
136,3.0,37.0,3.4,-0.92,-0.16,1,1.0,4.0,-62.0,1,1
137,1.0,38.0,3.9,2.41,2.25,1,2.0,4.0,-58.0,1,1
138,4.0,37.5,3.7,0.05,-0.06,0,1.0,4.0,-52.0,0,1
139,1.0,25.0,3.5,-0.26,-0.77,0,1.0,5.0,-60.0,1,1
140,1.0,31.5,3.4,-0.37,-0.42,0,1.0,3.0,-58.0,1,1
141,4.0,26.0,2.8,-0.38,-0.73,1,1.0,5.0,-58.0,0,1
142,1.0,33.0,3.5,-0.95,-1.09,0,1.0,4.0,-61.0,0,1
143,1.0,38.0,3.7,-0.51,-0.92,1,1.0,2.0,-60.0,0,0
144,4.0,45.0,3.7,0.55,-0.23,1,1.0,3.0,-62.0,0,1
145,3.0,34.0,2.8,0.26,0.32,1,1.0,4.0,-62.0,0,1
146,3.0,28.0,2.9,-1.4,-1.73,0,1.0,4.0,-62.0,1,0
147,3.0,34.0,2.9,1.25,1.25,1,1.0,3.0,-61.0,0,1
148,3.0,37.0,2.5,-1.44,-1.4,0,1.0,5.0,-60.0,0,1
149,4.0,37.0,3.9,-0.49,-0.54,1,1.0,3.0,-62.0,1,1
150,1.0,42.0,3.8,0.92,0.49,1,1.0,4.0,-62.0,1,1
151,6.0,30.0,2.8,0.05,0.06,0,1.0,2.0,-60.0,1,0
152,6.0,31.0,2.8,2.05,1.59,0,1.0,3.0,-59.0,1,1
153,2.0,35.0,3.5,1.0,1.55,1,1.0,3.0,-61.0,1,1
154,2.0,33.0,3.7,-0.52,-0.33,1,1.0,2.0,-56.0,0,1
155,2.0,29.0,3.3,-1.42,-1.32,0,1.0,4.0,-62.0,1,1
156,1.0,43.0,3.2,0.26,-0.03,1,1.0,4.0,-62.0,0,1
157,1.0,26.0,3.5,-0.24,-0.36,0,1.0,1.0,-61.0,1,1
158,1.0,39.0,3.5,-1.11,-0.92,1,1.0,4.0,-42.0,1,1
159,2.0,26.0,2.3,-1.0,-1.58,0,1.0,3.0,-60.0,1,0
160,3.0,25.0,2.3,-1.26,-0.51,0,2.0,3.0,-59.0,1,0
161,1.0,40.0,2.9,-0.28,-0.45,1,1.0,4.0,-61.0,0,1
162,2.0,32.0,2.7,-0.66,-0.97,1,1.0,3.0,-62.0,0,1
163,3.0,37.0,2.7,-1.4,-1.65,0,1.0,3.0,-61.0,1,1
164,4.0,40.0,3.9,-0.39,-0.03,1,1.0,4.0,-61.0,0,1
165,5.0,47.0,4.0,1.71,1.07,1,1.0,3.0,-58.0,0,1
166,3.0,32.0,3.4,0.85,0.52,1,1.0,1.0,-62.0,1,1
167,1.0,44.0,3.6,1.38,1.34,1,1.0,4.0,-62.0,1,1
168,3.0,34.0,3.1,0.75,0.25,1,1.0,4.0,-62.0,0,1
169,6.0,30.0,2.6,0.89,0.59,0,1.0,2.0,-60.0,1,0
170,3.0,36.0,3.4,-0.25,-0.42,0,1.0,3.0,-61.0,0,1
171,3.0,35.0,3.3,-1.81,-1.87,0,1.0,3.0,-59.0,0,1
172,2.0,26.0,3.3,-0.66,-1.35,0,1.0,4.0,-61.0,0,1
173,4.0,27.0,2.9,-1.28,-1.88,1,1.0,3.0,-57.0,0,0
174,2.0,32.0,2.7,0.74,0.61,1,1.0,5.0,-62.0,1,1
175,1.0,37.0,2.2,-1.29,-0.99,0,2.0,3.0,-33.0,0,1
176,3.0,35.0,3.3,-1.52,-1.42,1,1.0,3.0,-62.0,1,1
177,2.0,27.5,2.4,-0.1,0.21,1,1.0,4.0,-52.0,0,1
178,2.0,35.0,3.4,-0.34,-1.26,0,1.0,4.0,-62.0,0,1
179,1.0,39.0,3.5,-0.08,-0.3,1,1.0,4.0,-60.0,0,1
180,3.0,37.0,3.3,-0.62,-1.18,0,1.0,5.0,-62.0,1,1
181,2.0,37.0,2.6,-0.48,-0.92,1,1.0,3.0,-58.0,0,1
182,3.0,39.0,3.6,0.2,0.45,1,1.0,3.0,-62.0,1,1
183,4.0,36.0,3.8,1.85,2.34,1,1.0,4.0,-60.0,0,1
184,2.0,26.5,3.3,-0.75,-1.44,0,1.0,4.0,-62.0,0,1
185,3.0,39.0,2.7,-0.17,-0.06,1,1.0,4.0,-59.0,0,1
186,4.0,34.5,3.6,1.68,1.24,1,1.0,4.0,-59.0,0,1
187,1.0,40.0,4.0,1.65,1.74,1,1.0,3.0,-61.0,0,1
188,2.0,25.0,2.5,-0.34,-1.7,0,1.0,5.0,-60.0,0,1
189,1.0,38.0,2.6,0.14,-0.79,0,1.0,4.0,-61.0,0,1
190,1.0,25.0,2.9,-1.82,-1.72,0,1.0,4.0,-36.0,1,1
191,4.0,41.0,3.5,-1.1,-1.61,0,1.0,4.0,-62.0,1,0
192,3.0,37.0,3.8,0.92,0.97,1,1.0,3.0,-62.0,1,1
193,3.0,39.0,3.2,-0.28,-1.29,1,1.0,4.0,-62.0,1,1
194,1.0,25.0,2.6,0.04,-0.39,0,1.0,5.0,-57.0,1,0
195,3.0,35.3,3.1,-1.61,-1.74,1,1.0,3.0,-61.0,0,1
196,3.0,40.0,3.5,1.49,1.57,1,1.0,3.0,-61.0,0,1
197,1.0,41.0,3.5,-1.64,-1.44,1,1.0,5.0,-62.0,1,1
198,2.0,29.0,3.4,-0.97,-1.52,0,1.0,4.0,-60.0,0,1
199,2.0,39.0,2.5,0.24,0.15,1,1.0,3.0,-62.0,0,1
200,2.0,32.5,2.7,-0.17,-0.55,0,1.0,3.0,-61.0,1,1
201,3.0,35.0,3.2,0.19,-0.46,0,2.0,4.0,-49.0,1,1
202,1.0,38.0,3.0,1.53,0.42,0,1.0,4.0,-53.0,0,1
203,1.0,26.0,3.1,-2.06,-2.06,0,1.0,4.0,-61.0,0,0
204,1.0,28.0,2.8,-1.15,-2.03,0,1.0,3.0,-66.0,0,0
205,1.0,37.0,3.1,-0.07,-0.6,1,1.0,4.0,-62.0,1,1
206,2.0,31.0,3.0,-0.93,-1.49,0,1.0,3.0,-61.0,1,0
207,1.0,36.0,3.3,-0.81,-0.29,1,1.0,5.0,-57.0,1,1
208,4.0,40.0,3.9,0.44,0.37,1,1.0,3.0,-62.0,0,1
209,1.0,39.0,3.6,0.38,-0.36,1,1.0,3.0,-52.0,0,1
210,3.0,34.0,3.0,-0.83,-1.06,0,1.0,3.0,-56.0,1,1
211,5.0,39.0,3.8,0.79,1.29,1,1.0,4.0,-62.0,1,1
212,1.0,48.0,3.5,-0.19,-0.09,1,1.0,4.0,-61.0,1,1
213,1.0,41.0,3.6,1.08,0.85,1,1.0,4.0,-62.0,0,1
214,1.0,38.0,3.7,0.88,1.56,1,1.0,3.0,-62.0,0,1
215,1.0,26.0,3.1,0.1,-0.66,0,1.0,4.0,-59.0,1,1
216,3.0,34.0,2.2,0.26,0.74,1,2.0,3.0,-56.0,1,1
217,3.0,34.0,2.3,-0.29,-0.67,0,1.0,3.0,-60.0,1,0
218,1.0,38.0,3.8,-1.57,-1.65,1,1.0,3.0,-62.0,0,1
219,1.0,37.0,3.6,-0.66,-0.02,1,1.0,2.0,-60.0,1,0
220,3.0,38.0,3.5,0.38,-0.3,1,1.0,4.0,-62.0,0,1
221,4.0,35.5,3.0,-1.14,-1.33,1,1.0,4.0,-61.0,1,1
222,3.0,31.0,3.2,-0.2,-0.63,0,2.0,3.0,-58.0,0,1
223,4.0,27.0,3.6,-1.9,-2.35,0,1.0,2.0,-60.0,0,0
224,1.0,36.0,2.8,-0.97,-1.01,0,1.0,4.0,-60.0,0,0
225,1.0,28.5,2.7,1.44,0.69,1,1.0,3.0,-61.0,0,1
226,1.0,30.0,3.1,1.86,1.14,1,1.0,2.0,-57.0,1,1
227,3.0,36.0,3.1,-0.76,-1.11,0,1.0,4.0,-60.0,0,1
228,3.0,34.0,2.8,0.22,-0.05,1,1.0,3.0,-62.0,1,1
229,6.0,27.0,3.2,-0.37,-0.42,0,1.0,2.0,-42.0,1,1
230,3.0,39.0,2.8,0.39,0.71,1,1.0,4.0,-58.0,0,1
231,4.0,42.0,2.8,-0.94,-0.62,0,1.0,3.0,-59.0,0,1
232,2.0,39.0,2.8,-0.38,-0.48,0,1.0,3.0,-59.0,1,1
233,3.0,27.0,2.4,-1.11,-0.88,0,2.0,4.0,-42.0,0,1
234,1.0,35.0,2.9,-1.56,-1.77,1,1.0,1.0,-66.0,0,0
235,1.0,23.5,2.6,-1.79,-1.79,0,1.0,3.0,-59.0,1,0
236,1.0,35.0,3.4,-0.28,-0.55,0,1.0,1.0,-66.0,1,1
237,5.0,41.0,3.7,-0.81,-1.48,0,1.0,2.0,-56.0,1,1
238,1.0,30.5,3.2,-1.92,-1.36,0,1.0,4.0,-62.0,1,0
239,4.0,46.0,3.6,0.66,0.61,1,1.0,4.0,-62.0,0,1
240,4.0,33.0,3.5,0.96,0.97,1,1.0,2.0,-58.0,0,1
241,3.0,30.5,3.1,0.87,0.81,1,1.0,4.0,-61.0,0,1
242,4.0,34.0,3.5,0.35,0.76,1,1.0,2.0,-60.0,0,1
243,3.0,39.0,3.6,0.62,1.1,1,1.0,3.0,-62.0,1,1
244,3.0,39.0,4.0,1.25,1.94,1,1.0,2.0,-62.0,1,1
245,3.0,31.0,3.0,-0.39,-1.04,1,1.0,3.0,-56.0,0,0
246,3.0,39.0,3.0,-1.64,-1.93,0,1.0,5.0,-60.0,0,1
247,3.0,28.3,2.8,-0.93,-0.92,0,1.0,3.0,-59.0,0,1
248,3.0,40.0,3.1,-1.22,-1.13,0,1.0,4.0,-62.0,1,1
249,2.0,42.0,3.5,0.51,0.93,1,1.0,3.0,-62.0,0,1
250,3.0,23.0,2.7,-1.39,-1.73,0,1.0,3.0,-61.0,0,0
251,1.0,39.0,3.2,-0.51,0.0,1,1.0,4.0,-62.0,0,1
252,1.0,41.0,3.3,0.22,-0.08,1,1.0,4.0,-61.0,0,1
253,1.0,31.0,3.5,-1.54,-1.86,0,1.0,3.0,-52.0,1,1
254,6.0,15.0,2.1,-0.61,-0.49,0,1.0,3.0,-57.0,1,0
255,3.0,43.0,3.5,1.67,1.65,1,2.0,4.0,-61.0,0,1
256,6.0,22.0,2.4,-0.9,-0.28,0,1.0,3.0,-60.0,0,1
257,3.0,35.0,2.9,1.36,1.77,1,2.0,2.0,-41.0,0,1
258,5.0,40.5,3.6,0.45,0.6,1,1.0,4.0,-60.0,1,1
259,5.0,48.0,3.8,0.54,0.82,1,1.0,3.0,-60.0,1,1
260,4.0,40.0,2.4,1.16,0.45,0,1.0,4.0,-59.0,1,1
261,3.0,33.0,3.8,-0.89,-0.72,1,1.0,4.0,-62.0,1,1
262,3.0,34.0,2.9,-0.61,-1.37,0,1.0,4.0,-59.0,0,1
263,3.0,38.0,3.0,-0.69,-0.73,1,1.0,3.0,-62.0,1,1
264,3.0,37.0,3.6,1.13,1.54,1,1.0,3.0,-62.0,1,1
265,3.0,30.0,2.8,-1.48,-1.6,0,1.0,4.0,-55.0,1,0
266,3.0,27.0,3.6,-0.75,-1.01,1,1.0,3.0,-57.0,1,1
267,4.0,35.0,2.6,-1.05,-1.44,0,2.0,3.0,-62.0,1,1
268,1.0,35.0,3.6,-0.56,-0.21,1,1.0,3.0,-59.0,1,1
269,1.0,44.0,3.0,-0.28,-0.04,1,1.0,4.0,-61.0,0,1
270,1.0,39.0,3.1,-1.23,-1.42,0,1.0,2.0,-55.0,0,1
271,1.0,37.0,3.5,0.87,0.81,1,1.0,3.0,-62.0,1,1
272,3.0,36.0,2.1,1.57,0.95,1,2.0,3.0,-61.0,0,1
273,1.0,42.0,3.1,0.17,0.11,1,1.0,4.0,-59.0,0,1
274,4.0,31.0,3.2,0.78,1.12,1,1.0,4.0,-62.0,1,1
275,3.0,39.0,2.8,1.36,1.55,1,1.0,4.0,-61.0,1,1
276,3.0,30.5,3.1,-1.52,-1.7,0,1.0,3.0,-42.0,1,1
277,3.0,32.5,3.2,-0.29,-0.25,0,1.0,3.0,-61.0,1,1
278,2.0,39.0,2.7,-0.28,-0.28,0,1.0,4.0,-62.0,1,1
279,1.0,36.0,3.5,-0.87,-1.34,0,1.0,3.0,-51.0,0,1
280,1.0,32.0,2.4,-1.01,-1.2,1,2.0,3.0,-61.0,1,0
281,2.0,35.0,2.6,-0.37,-0.53,0,1.0,3.0,-53.0,1,1
282,3.0,36.0,3.5,-1.45,-0.93,0,2.0,4.0,-60.0,1,1
283,1.0,42.0,2.8,-0.89,-1.39,1,1.0,2.0,-65.0,0,1
284,1.0,39.0,3.3,-0.04,0.17,1,1.0,1.0,-46.0,0,1
285,4.0,38.0,3.4,-0.87,-1.26,1,1.0,4.0,-59.0,1,0
286,5.0,29.5,2.7,-1.84,-2.2,0,1.0,5.0,-62.0,0,0
287,3.0,37.0,3.0,0.51,0.26,0,1.0,4.0,-64.0,1,1
288,1.0,29.0,2.9,-1.36,-1.66,0,1.0,2.0,-55.0,1,0
289,5.0,42.0,3.8,-2.09,-2.18,1,1.0,4.0,-62.0,0,1
290,1.0,24.7,2.9,-0.45,-0.32,0,2.0,3.0,-56.0,1,0
291,1.0,34.0,3.6,-1.87,-1.34,1,1.0,4.0,-67.0,1,1
292,4.0,25.0,2.5,-1.86,-2.4,0,1.0,1.0,-37.0,0,0
293,6.0,23.3,2.7,-1.56,-1.95,0,1.0,3.0,-60.0,1,0
294,3.0,39.0,2.6,0.43,1.34,1,1.0,2.0,-54.0,0,1
295,6.0,22.0,2.5,-0.47,-1.87,0,1.0,3.0,-57.0,0,0
296,3.0,32.0,2.8,-1.36,-1.17,0,1.0,4.0,-61.0,0,1
297,3.0,31.0,3.2,-1.56,-0.74,0,1.0,2.0,-59.0,1,1
298,3.0,33.0,3.4,-1.41,-1.54,0,1.0,4.0,-61.0,0,1
299,5.0,39.0,3.5,0.86,0.86,1,1.0,5.0,-62.0,1,1
300,1.0,36.0,2.9,-0.95,-1.42,0,1.0,5.0,-47.0,1,1
301,1.0,32.0,2.8,-1.32,-1.62,0,1.0,4.0,-60.0,1,0
302,3.0,39.0,2.5,1.64,1.82,1,2.0,3.0,-51.0,0,1
303,1.0,32.0,3.0,-1.68,-2.06,0,1.0,2.0,-36.0,1,1
304,3.0,24.0,2.9,-1.38,-1.27,0,1.0,2.0,-59.0,1,0
305,6.0,26.0,3.1,-0.05,0.17,0,1.0,2.0,-61.0,0,0
306,4.0,34.0,3.0,-1.85,-1.53,0,2.0,3.0,-51.0,0,1
307,1.0,45.0,3.4,0.97,1.27,1,1.0,5.0,-60.0,0,1
308,3.0,39.0,2.9,0.02,-0.45,0,1.0,4.0,-57.0,1,1
309,5.0,43.0,3.4,-0.01,0.73,1,1.0,5.0,-62.0,1,1
310,1.0,39.0,3.1,1.03,0.87,1,1.0,1.0,-54.0,0,1
311,3.0,39.0,3.6,1.3,1.13,1,1.0,4.0,-62.0,1,1
312,6.0,30.0,2.8,-0.69,-0.79,0,1.0,4.0,-62.0,0,0
313,1.0,30.5,3.6,0.15,-0.24,1,1.0,3.0,-48.0,1,1
314,1.0,39.0,3.7,-1.13,-0.53,0,1.0,3.0,-44.0,1,1
315,6.0,31.0,2.2,0.18,-0.11,0,1.0,2.0,-38.0,0,0
316,1.0,26.0,3.6,-1.23,-1.41,0,1.0,3.0,-61.0,0,0
317,6.0,34.0,3.1,-1.16,-1.01,0,1.0,3.0,-60.0,0,1
318,4.0,27.0,3.6,-0.98,-1.32,1,1.0,4.0,-61.0,0,1
319,3.0,35.0,2.4,0.83,0.27,1,1.0,5.0,-61.0,0,0
320,3.0,30.0,2.8,-0.61,-1.26,0,2.0,3.0,-64.0,0,0
321,4.0,43.0,3.5,-0.83,0.18,1,1.0,1.0,-44.0,1,1
322,3.0,39.5,3.2,0.03,0.1,1,1.0,4.0,-61.0,1,1
323,3.0,39.0,2.7,-0.28,-0.66,1,1.0,4.0,-62.0,0,1
324,1.0,39.5,2.9,-1.22,-0.81,1,1.0,4.0,-61.0,1,1
325,3.0,35.0,3.0,0.84,1.54,1,1.0,2.0,-41.0,1,1
326,4.0,33.0,3.8,-0.28,0.48,1,1.0,3.0,-62.0,1,1
327,1.0,37.0,3.7,1.07,1.41,1,1.0,4.0,-58.0,0,1
328,3.0,36.5,3.4,-1.47,-1.4,0,1.0,4.0,-61.0,0,1
329,3.0,36.0,3.1,-0.1,-0.36,1,1.0,4.0,-61.0,0,1
330,6.0,28.0,2.2,-0.65,0.11,0,1.0,4.0,-56.0,0,0
331,4.0,46.0,3.9,0.2,0.1,1,1.0,4.0,-62.0,0,1
332,3.0,37.0,3.9,2.22,2.55,1,2.0,3.0,-58.0,1,0
333,1.0,39.0,3.1,-1.76,-1.44,0,2.0,2.0,-52.0,1,1
334,6.0,24.0,2.6,-1.53,-0.65,0,1.0,2.0,-60.0,1,0
335,3.0,33.0,2.4,-0.75,-0.86,0,1.0,3.0,-58.0,1,0
336,3.0,38.0,2.8,-0.74,-1.3,0,1.0,4.0,-49.0,0,1
337,1.0,37.0,3.6,0.03,0.45,1,1.0,3.0,-48.0,0,1
338,6.0,22.0,3.1,1.29,0.3,0,1.0,3.0,-57.0,0,0
339,3.0,44.0,2.7,0.35,0.13,1,1.0,5.0,-62.0,0,1
340,3.0,25.0,2.7,-1.08,-1.3,0,2.0,1.0,-51.0,1,0
341,3.0,34.0,3.1,-0.73,-1.8,0,1.0,3.0,-63.0,1,0
342,3.0,28.0,2.1,-1.06,-1.97,0,1.0,3.0,-63.0,1,0
343,3.0,26.0,2.9,-2.09,-1.07,0,1.0,5.0,-62.0,0,1
344,4.0,45.0,3.5,-1.7,-1.38,1,1.0,4.0,-61.0,0,1
345,3.0,35.0,3.7,1.38,1.57,1,1.0,4.0,-61.0,0,1
346,3.0,40.0,3.9,0.44,1.12,1,1.0,4.0,-62.0,1,1
347,4.0,33.5,2.7,-0.23,-0.48,0,2.0,4.0,-54.0,0,1
348,1.0,31.5,2.6,-0.75,-1.26,0,1.0,4.0,-59.0,0,0
349,3.0,35.0,2.9,-1.24,-1.32,1,1.0,4.0,-40.0,1,1
350,3.0,26.5,3.2,-1.66,-1.12,0,1.0,4.0,-54.0,0,1
351,1.0,24.0,2.6,-0.8,-1.27,0,1.0,3.0,-58.0,0,0
352,6.0,29.0,3.5,-0.08,-1.0,0,1.0,3.0,-60.0,1,1
353,3.0,33.0,3.0,0.32,0.55,1,1.0,4.0,-67.0,0,1
354,3.0,37.0,2.9,-0.46,-0.41,1,1.0,4.0,-62.0,1,1
355,4.0,34.0,3.2,-0.01,0.41,1,1.0,1.0,-60.0,0,1
356,1.0,36.3,3.5,-0.56,-0.79,0,1.0,2.0,-61.0,0,1
357,1.0,40.0,3.6,0.72,0.41,1,1.0,4.0,-62.0,0,1
358,1.0,38.0,3.2,0.19,0.1,1,1.0,2.0,-59.0,1,1
359,5.0,41.0,2.6,0.09,-0.1,1,1.0,5.0,-61.0,0,1
360,2.0,26.0,3.2,-0.27,0.24,1,1.0,2.0,-61.0,1,1
361,3.0,36.0,2.9,0.63,0.34,1,1.0,3.0,-61.0,0,1
362,3.0,37.5,3.5,-0.21,-1.15,0,1.0,3.0,-62.0,1,1
363,5.0,43.0,3.7,1.28,1.35,1,1.0,4.0,-62.0,0,1
364,1.0,27.0,3.3,-1.76,-1.84,0,1.0,3.0,-62.0,1,0
365,4.0,41.0,3.8,0.23,1.15,1,1.0,3.0,-59.0,1,0
366,6.0,35.0,3.7,1.1,1.0,1,1.0,3.0,-56.0,0,1
367,3.0,39.0,2.4,-0.55,-1.16,0,1.0,2.0,-66.0,0,1
368,4.0,48.0,3.5,-1.17,-1.57,0,1.0,3.0,-62.0,0,1
369,1.0,41.0,3.2,-0.29,-0.73,1,1.0,3.0,-63.0,1,1
370,1.0,25.0,2.5,-1.65,-1.8,0,1.0,4.0,-36.0,1,0
371,1.0,32.0,2.7,-1.04,-1.52,0,1.0,3.0,-63.0,1,0
372,2.0,40.0,3.5,1.03,1.28,1,1.0,5.0,-63.0,1,1
373,3.0,44.0,2.2,-0.29,-0.89,0,1.0,3.0,-61.0,0,1
374,3.0,39.0,2.5,0.88,0.1,0,1.0,4.0,-57.0,0,1
375,4.0,29.0,3.2,-0.99,-0.88,0,1.0,3.0,-62.0,0,0
376,2.0,38.0,2.5,-1.12,-1.37,0,1.0,4.0,-58.0,0,1
377,4.0,37.0,4.0,1.23,1.36,1,1.0,2.0,-58.0,1,1
378,4.0,35.5,3.6,-1.23,-0.98,0,1.0,4.0,-59.0,0,1
379,2.0,27.0,3.6,-0.2,0.23,1,1.0,3.0,-61.0,0,1
380,1.0,48.0,2.6,-0.55,-0.85,1,1.0,4.0,-65.0,0,1
381,3.0,30.0,2.9,-0.99,-1.07,0,1.0,5.0,-59.0,1,0
382,3.0,37.0,3.4,-0.68,-0.71,1,1.0,4.0,-62.0,1,0
383,5.0,37.0,3.3,-1.07,-1.18,0,1.0,1.0,-56.0,0,0
384,3.0,40.5,2.5,-0.15,-0.02,1,1.0,4.0,-61.0,0,1
385,3.0,29.0,2.4,-2.26,-1.98,0,1.0,3.0,-62.0,0,0
386,3.0,37.0,2.3,1.04,0.6,1,1.0,2.0,-61.0,0,1
387,3.0,47.0,2.2,-0.86,-1.99,0,1.0,4.0,-57.0,1,1
388,3.0,35.0,3.3,-0.2,-0.1,1,1.0,3.0,-62.0,1,1
389,1.0,22.0,2.6,-0.99,-1.42,0,1.0,3.0,-61.0,1,0
390,3.0,39.0,2.3,-0.03,-0.26,1,1.0,5.0,-59.0,0,1
391,3.0,35.0,3.7,-0.79,-1.59,0,1.0,3.0,-52.0,0,1
392,2.0,29.0,3.0,-1.56,-1.75,0,1.0,3.0,-62.0,0,0
393,1.0,31.0,3.8,-0.45,-0.68,1,1.0,2.0,-48.0,0,1
394,3.0,40.0,2.4,1.27,0.13,1,1.0,4.0,-66.0,1,1
395,3.0,42.0,4.0,0.07,0.79,1,1.0,2.0,-61.0,1,1
396,4.0,39.0,3.7,-0.29,0.38,1,1.0,3.0,-62.0,0,1
397,3.0,36.5,3.1,-0.56,-0.63,1,1.0,4.0,-62.0,0,1
398,3.0,35.0,2.4,0.53,0.23,1,1.0,2.0,-56.0,0,1
399,1.0,34.0,3.3,-0.75,0.25,1,2.0,2.0,-63.0,1,1
400,3.0,32.0,2.9,1.1,0.57,1,1.0,5.0,-62.0,1,1
401,4.0,38.0,3.3,1.52,1.54,1,2.0,3.0,-58.0,0,1
402,3.0,34.0,3.1,0.8,0.73,1,1.0,3.0,-62.0,1,1
403,3.0,25.0,2.5,-0.52,-0.71,0,1.0,2.0,-47.0,0,0
404,4.0,30.5,2.7,-0.32,-0.73,0,2.0,3.0,-46.0,1,1
405,1.0,33.0,3.8,0.39,0.26,0,1.0,4.0,-61.0,0,1
406,3.0,35.0,3.3,0.78,1.02,1,1.0,5.0,-59.0,0,1
407,2.0,36.0,2.9,0.13,-1.44,0,1.0,4.0,-61.0,1,1
408,1.0,37.0,3.6,-1.31,-1.45,0,1.0,4.0,-62.0,0,1
409,1.0,41.0,3.0,-2.03,-1.09,1,1.0,4.0,-63.0,1,1
410,1.0,42.0,3.8,0.77,0.88,1,1.0,4.0,-62.0,0,1
411,2.0,28.5,3.4,-0.61,-0.09,0,1.0,4.0,-61.0,0,1
412,1.0,31.5,3.2,-1.49,-1.29,1,1.0,4.0,-62.0,0,0
413,1.0,40.0,3.3,0.36,0.93,1,1.0,4.0,-60.0,1,1
414,1.0,35.5,3.6,-1.52,-0.69,1,1.0,3.0,-62.0,1,1
415,4.0,38.0,3.0,-0.69,-0.61,0,1.0,3.0,-61.0,1,1
416,1.0,37.0,3.3,0.63,0.19,1,1.0,3.0,-61.0,1,1
417,1.0,33.5,3.4,-0.43,-0.74,1,1.0,5.0,-62.0,0,1
418,3.0,28.0,3.1,-0.85,-1.11,0,1.0,3.0,-62.0,0,0
419,3.0,36.0,3.6,1.21,1.24,1,1.0,3.0,-56.0,1,1
420,3.0,41.0,2.7,-1.32,-1.64,0,1.0,4.0,-61.0,0,1
421,6.0,31.0,2.7,0.14,0.09,0,1.0,5.0,-63.0,1,0
422,2.0,28.0,3.1,0.9,-0.32,0,2.0,4.0,-60.0,1,1
423,1.0,43.0,3.6,0.92,0.79,1,1.0,2.0,-55.0,0,1
424,1.0,41.0,3.5,-0.86,-0.79,0,1.0,4.0,-62.0,1,1
425,1.0,24.0,3.3,0.18,-0.93,0,1.0,1.0,-51.0,0,0
426,4.0,22.0,3.0,-2.01,-3.21,0,1.0,3.0,-58.0,0,0
427,1.0,29.0,2.8,-1.75,-2.04,0,1.0,3.0,-67.0,0,0
428,1.0,44.0,3.4,1.45,1.5,1,1.0,2.0,-49.0,1,1
429,6.0,27.0,2.9,-0.58,-1.11,0,1.0,2.0,-58.0,0,0
430,3.0,36.0,2.9,-0.92,-1.52,0,1.0,4.0,-59.0,0,1
431,3.0,25.0,3.6,-1.94,-1.62,0,1.0,3.0,-57.0,1,0
432,4.0,42.0,3.7,0.67,0.32,1,1.0,5.0,-61.0,0,1
433,1.0,33.0,3.3,-0.65,-0.99,0,1.0,3.0,-59.0,1,0
434,3.0,34.0,3.0,-0.6,-1.1,0,1.0,2.0,-58.0,0,1
435,5.0,40.0,3.7,-1.66,-2.11,0,1.0,5.0,-62.0,1,0
436,1.0,36.0,2.8,0.14,-0.02,1,1.0,4.0,-55.0,0,1
437,3.0,40.0,2.5,1.38,1.22,1,1.0,3.0,-61.0,0,1
438,2.0,34.0,2.5,-0.4,-1.09,0,1.0,4.0,-61.0,0,1
439,1.0,40.0,3.2,-2.25,-1.83,1,1.0,3.0,-45.0,1,1
440,4.0,34.0,3.2,0.82,0.38,1,1.0,3.0,-61.0,0,1
441,3.0,37.0,2.5,-0.1,-0.42,1,1.0,4.0,-62.0,0,1
442,1.0,37.0,4.0,0.21,0.36,1,1.0,4.0,-61.0,0,1
443,4.0,41.0,3.1,0.08,-0.45,0,1.0,4.0,-61.0,1,0
444,3.0,37.0,3.0,-0.61,0.03,1,1.0,4.0,-58.0,0,1
445,1.0,37.0,2.9,-1.45,-1.55,0,1.0,3.0,-61.0,0,0
446,1.0,28.3,2.4,-2.18,-1.93,0,1.0,1.0,-65.0,0,0
447,4.0,41.0,3.7,1.14,1.3,1,1.0,4.0,-62.0,0,1
448,4.0,34.5,2.5,1.3,0.68,1,1.0,5.0,-62.0,1,1
449,3.0,37.0,3.0,0.62,0.19,1,1.0,3.0,-61.0,0,1
450,1.0,39.0,3.1,1.84,2.12,1,1.0,5.0,-56.0,0,1
451,3.0,34.0,3.8,0.14,1.41,1,1.0,3.0,-62.0,0,1
452,3.0,21.0,3.4,-0.27,-2.12,0,1.0,3.0,-60.0,0,0
453,4.0,45.0,3.3,-0.18,-0.16,1,1.0,3.0,-49.0,1,1
454,4.0,32.0,2.4,-1.17,-1.16,1,1.0,3.0,-64.0,0,0
455,4.0,44.0,3.2,-0.49,-0.7,1,1.0,5.0,-53.0,0,1
456,3.0,38.0,2.6,-0.33,-0.51,0,1.0,4.0,-60.0,0,1
457,4.0,36.0,3.0,-0.57,-0.76,0,1.0,4.0,-60.0,1,1
458,6.0,27.7,2.6,-0.15,-0.19,0,1.0,4.0,-60.0,0,1
459,4.0,19.0,2.4,-1.26,-1.91,0,2.0,3.0,-64.0,0,0
460,4.0,32.0,3.1,0.78,0.15,0,2.0,3.0,-51.0,0,1
461,3.0,39.0,3.5,2.34,2.5,1,1.0,5.0,-61.0,0,1
462,4.0,40.0,3.7,-0.04,0.06,1,1.0,3.0,-60.0,0,1
463,1.0,40.0,2.9,0.21,0.28,1,1.0,3.0,-61.0,1,1
464,1.0,43.0,3.8,1.76,1.63,1,1.0,3.0,-62.0,1,1
465,3.0,35.0,3.0,-0.95,-1.09,0,1.0,3.0,-62.0,0,1
466,3.0,30.0,2.7,0.9,0.28,0,2.0,4.0,-60.0,0,1
467,3.0,34.0,3.3,-0.47,-0.97,0,1.0,4.0,-62.0,1,1
468,3.0,38.0,3.4,0.81,0.58,0,1.0,4.0,-54.0,1,1
469,3.0,25.0,3.2,-1.6,-2.03,0,1.0,3.0,-66.0,1,0
470,4.0,45.0,3.7,-1.47,-2.52,0,1.0,2.0,-62.0,1,1
471,3.0,31.0,3.3,-1.02,-1.25,0,1.0,4.0,-59.0,1,1
472,6.0,22.0,2.8,0.64,-0.55,0,1.0,3.0,-44.0,0,0
473,3.0,31.5,2.4,-2.02,-2.53,0,1.0,4.0,-40.0,1,1
474,4.0,41.0,3.5,-0.92,-0.22,1,1.0,3.0,-62.0,0,1
475,1.0,40.0,3.8,2.44,2.43,1,1.0,4.0,-44.0,1,1
476,2.0,40.0,2.9,-0.64,-1.43,0,1.0,4.0,-61.0,1,1
477,6.0,19.0,2.5,0.05,-0.76,0,1.0,2.0,-60.0,1,0
478,5.0,36.0,2.5,0.12,-0.13,1,1.0,4.0,-59.0,0,0
479,2.0,36.0,2.8,0.24,0.52,0,1.0,5.0,-53.0,0,1
480,1.0,42.0,3.0,-2.14,-2.26,0,1.0,4.0,-64.0,0,0
481,3.0,32.0,3.8,1.26,1.24,1,1.0,4.0,-60.0,1,1
482,1.0,44.0,3.1,1.97,2.23,1,1.0,3.0,-51.0,0,1
483,3.0,32.0,3.5,-0.91,-1.1,1,1.0,2.0,-51.0,1,1
484,2.0,24.0,2.7,0.73,0.0,1,2.0,3.0,-48.0,1,0
485,3.0,28.0,3.2,-2.0,-2.36,0,1.0,4.0,-66.0,1,1
486,4.0,44.0,3.7,0.34,0.09,1,1.0,4.0,-63.0,1,0
487,3.0,30.0,3.0,-0.33,-0.29,0,1.0,5.0,-61.0,1,1
488,5.0,45.0,3.6,-0.78,-0.51,1,1.0,5.0,-61.0,1,1
489,3.0,37.0,3.8,1.85,1.97,1,1.0,2.0,-55.0,0,1
490,6.0,17.0,3.0,-0.68,-0.82,0,1.0,2.0,-61.0,0,0
491,4.0,47.0,3.2,1.11,1.03,1,1.0,1.0,-55.0,0,1
492,3.0,35.0,3.0,-0.39,-1.03,1,1.0,3.0,-59.0,0,1
493,4.0,43.0,3.5,-0.49,0.06,1,1.0,4.0,-63.0,1,1
494,1.0,36.0,3.4,-0.25,-0.15,0,1.0,3.0,-59.0,0,0
495,6.0,24.0,2.4,-0.36,-1.17,0,1.0,2.0,-56.0,0,0
496,4.0,33.0,2.4,1.59,0.65,0,2.0,4.0,-21.0,0,1
497,1.0,24.7,3.0,0.12,-1.34,0,1.0,3.0,-60.0,1,1
498,3.0,33.5,3.2,0.87,0.01,1,1.0,4.0,-61.0,1,1
499,6.0,28.0,3.0,1.09,-0.24,0,1.0,4.0,-61.0,1,0
500,3.0,29.0,3.5,-1.35,-2.2,0,1.0,3.0,-59.0,1,0
501,4.0,41.0,2.8,-1.51,-1.65,0,1.0,5.0,-65.0,0,0
502,6.0,39.5,2.6,1.52,1.82,1,2.0,3.0,-45.0,0,1
503,3.0,43.0,3.3,1.35,1.58,1,1.0,4.0,-62.0,1,1
504,2.0,35.0,3.1,-1.04,-0.66,0,1.0,4.0,-61.0,0,1
505,3.0,35.3,3.3,0.22,-0.14,0,1.0,3.0,-58.0,0,0
506,1.0,32.0,2.6,-0.04,-0.43,0,1.0,3.0,-58.0,0,0
507,1.0,31.0,3.4,0.49,0.53,1,1.0,3.0,-67.0,1,1
508,6.0,31.0,1.8,0.95,0.09,0,1.0,2.0,-53.0,0,0
509,2.0,37.0,4.0,0.94,1.36,1,1.0,4.0,-62.0,1,1
510,3.0,36.0,2.6,-0.52,-1.35,0,1.0,4.0,-66.0,1,1
511,3.0,33.0,3.2,-0.48,-1.2,1,1.0,3.0,-60.0,0,1
512,3.0,39.0,3.1,0.63,-0.64,0,1.0,3.0,-60.0,0,1
513,2.0,32.5,2.9,-1.04,-1.84,0,1.0,3.0,-62.0,0,0
514,3.0,32.0,3.0,-0.42,0.0,0,2.0,4.0,-55.0,1,1
515,2.0,32.0,3.3,-0.39,-1.37,0,1.0,4.0,-61.0,1,1
516,4.0,44.0,3.7,0.27,0.02,1,1.0,2.0,-62.0,0,1
517,3.0,27.0,2.7,-1.83,-1.92,0,1.0,3.0,-60.0,1,0
518,3.0,44.0,3.4,0.54,0.61,1,1.0,3.0,-62.0,1,1
519,4.0,37.7,3.3,-0.92,-0.55,0,1.0,4.0,-60.0,0,1
520,3.0,28.0,3.3,1.43,1.57,1,1.0,4.0,-61.0,0,1
521,2.0,43.0,3.2,-0.84,-0.93,0,1.0,1.0,-52.0,0,1
522,3.0,37.0,3.3,-0.32,-0.48,1,1.0,4.0,-62.0,1,1
523,3.0,34.0,3.5,-0.38,0.12,1,1.0,2.0,-61.0,0,1
524,6.0,28.0,3.3,1.16,0.54,0,1.0,2.0,-61.0,0,1
525,3.0,24.0,3.3,-0.73,-0.43,0,1.0,3.0,-43.0,1,0
526,3.0,25.0,3.7,-0.23,-0.75,0,1.0,1.0,-56.0,1,0
527,4.0,29.5,3.7,-1.77,-1.91,1,1.0,4.0,-61.0,0,0
528,5.0,42.5,3.7,1.14,1.04,1,1.0,4.0,-62.0,0,1
529,3.0,41.0,2.6,-0.69,-0.73,1,1.0,3.0,-60.0,0,1
530,4.0,34.0,3.5,-1.43,-1.42,0,1.0,5.0,-62.0,1,1
531,3.0,35.0,2.8,-1.7,-1.16,0,1.0,3.0,-62.0,0,1
532,3.0,48.0,3.8,0.84,0.01,0,1.0,4.0,-63.0,1,0
533,1.0,23.0,2.8,-2.23,-2.2,0,1.0,3.0,-60.0,1,0
534,4.0,30.0,3.9,-0.45,-0.86,0,1.0,3.0,-62.0,1,0
535,1.0,35.0,3.4,-1.09,-1.46,0,1.0,3.0,-61.0,1,0
536,4.0,39.0,2.5,-0.89,-1.2,0,1.0,3.0,-63.0,1,0
537,3.0,38.0,2.5,0.52,0.96,1,1.0,4.0,-50.0,1,1
538,3.0,30.0,3.5,-1.04,-1.32,0,1.0,3.0,-59.0,1,1
539,4.0,30.0,3.3,-0.41,-0.7,0,2.0,4.0,-59.0,0,0
540,4.0,42.0,3.6,2.02,2.17,1,1.0,3.0,-66.0,0,1
541,1.0,40.0,3.8,0.84,0.69,1,1.0,2.0,-61.0,1,1
542,3.0,36.0,3.4,0.71,0.66,1,1.0,3.0,-62.0,0,1
543,5.0,35.0,2.9,-0.14,-0.19,1,1.0,4.0,-61.0,0,1
544,1.0,32.0,2.9,-1.22,-1.09,0,1.0,3.0,-62.0,1,0
545,1.0,39.0,3.5,-0.68,-0.36,1,1.0,2.0,-53.0,0,1
546,2.0,28.0,3.0,-0.16,-0.6,1,1.0,3.0,-62.0,0,0
547,3.0,29.5,2.6,-2.02,-1.64,0,1.0,3.0,-58.0,1,0
548,4.0,46.0,3.6,-0.29,-0.88,0,1.0,4.0,-62.0,0,1
549,1.0,37.0,3.7,-1.92,-1.77,0,1.0,4.0,-62.0,0,1
550,3.0,40.0,3.0,0.86,1.22,1,1.0,4.0,-59.0,0,1
551,3.0,33.0,3.3,0.55,1.06,1,1.0,3.0,-62.0,0,1
552,4.0,37.0,3.4,0.56,0.95,1,1.0,4.0,-62.0,0,1
553,4.0,40.0,3.1,1.23,0.54,1,1.0,4.0,-61.0,0,1
554,2.0,35.0,2.8,1.57,1.35,0,1.0,3.0,-59.0,1,1
555,5.0,40.0,3.3,-1.11,-2.05,1,1.0,3.0,-68.0,0,1
556,4.0,39.0,2.9,-0.16,0.47,1,1.0,3.0,-58.0,0,1
557,1.0,35.0,3.5,0.37,0.61,1,1.0,3.0,-62.0,1,1
558,4.0,41.0,2.7,-0.45,-0.83,1,1.0,3.0,-60.0,0,0
559,4.0,36.0,3.0,-0.51,-1.03,0,1.0,5.0,-61.0,0,0
560,4.0,37.0,3.2,-0.42,-1.41,1,1.0,3.0,-44.0,1,1
561,3.0,36.0,3.2,-0.84,-0.92,1,1.0,4.0,-64.0,1,1
562,4.0,46.0,3.8,-0.97,-1.11,1,1.0,3.0,-62.0,0,1
563,3.0,36.0,3.9,1.13,0.93,1,1.0,3.0,-62.0,1,1
564,3.0,36.0,2.7,0.2,-0.02,1,1.0,4.0,-62.0,0,1
565,1.0,42.0,3.0,0.78,0.55,1,1.0,5.0,-48.0,1,1
566,6.0,22.0,2.9,0.67,-0.08,0,1.0,2.0,-59.0,1,0
567,3.0,31.5,2.8,1.09,1.51,1,1.0,4.0,-57.0,0,0
568,4.0,39.0,3.6,1.04,0.91,1,1.0,3.0,-62.0,0,1
569,4.0,38.0,2.5,-0.36,0.63,0,2.0,1.0,-54.0,0,1
570,1.0,25.5,3.3,-0.91,-1.01,0,1.0,3.0,-58.0,0,0
571,1.0,45.0,3.6,-0.4,-1.12,1,1.0,4.0,-60.0,1,1
572,2.0,32.0,3.3,-0.71,-0.64,0,1.0,2.0,-53.0,1,1
573,6.0,25.0,2.4,-0.42,-1.25,0,1.0,4.0,-60.0,0,0
574,5.0,42.0,2.4,1.55,0.06,1,1.0,3.0,-60.0,0,1
575,1.0,34.0,3.5,-0.05,-0.56,1,1.0,3.0,-60.0,0,1
576,2.0,32.0,3.0,0.93,1.83,1,1.0,1.0,-58.0,0,1
577,3.0,34.0,3.2,-0.76,-1.29,0,1.0,4.0,-65.0,0,1
578,4.0,37.0,2.7,-0.29,-0.62,0,2.0,2.0,-52.0,0,1
579,3.0,30.0,3.3,-1.81,-1.07,0,2.0,3.0,-65.0,0,0
580,1.0,33.0,3.6,0.24,0.11,1,1.0,4.0,-62.0,1,1
581,1.0,36.0,3.3,0.96,0.82,1,1.0,4.0,-61.0,1,1
582,4.0,48.0,3.6,0.29,0.13,1,1.0,5.0,-61.0,0,1
583,3.0,33.0,2.8,-0.89,-1.0,1,1.0,5.0,-58.0,1,0
584,3.0,26.0,3.6,-1.74,-1.8,1,1.0,1.0,-62.0,1,0
585,4.0,44.0,3.2,-1.69,-2.04,0,1.0,3.0,-57.0,0,1
586,3.0,18.0,3.5,-1.14,-0.5,1,2.0,1.0,-47.0,1,0
587,1.0,36.0,3.5,0.58,0.49,1,1.0,4.0,-62.0,0,1
588,3.0,30.0,2.1,-0.17,0.07,0,2.0,3.0,-52.0,1,0
589,3.0,39.0,3.0,-0.56,-1.53,0,1.0,3.0,-59.0,0,1
590,3.0,33.0,3.7,0.38,0.67,1,1.0,3.0,-61.0,1,1
591,1.0,33.0,3.1,1.08,0.29,0,2.0,4.0,-63.0,1,1
592,4.0,40.0,3.7,-0.84,-0.76,1,1.0,4.0,-60.0,1,1
593,3.0,28.0,3.3,-0.79,-1.02,1,1.0,2.0,-62.0,1,0
594,4.0,31.0,3.0,-1.05,-1.37,0,1.0,3.0,-50.0,1,0
595,4.0,37.5,3.2,-0.04,-0.75,0,2.0,4.0,-60.0,0,1
596,3.0,38.0,3.1,-0.1,0.26,1,1.0,1.0,-62.0,0,1
597,4.0,37.0,3.4,-0.26,0.04,0,1.0,2.0,-61.0,0,1
598,5.0,32.0,3.1,-0.85,-1.43,0,1.0,4.0,-60.0,1,0
599,3.0,35.0,3.0,-0.31,-0.67,0,1.0,3.0,-45.0,1,1
600,3.0,38.0,2.5,0.24,0.08,1,1.0,4.0,-58.0,0,1
601,6.0,25.0,2.0,0.28,-1.02,0,1.0,3.0,-57.0,0,0
602,3.0,29.5,3.3,-1.46,-1.93,0,1.0,3.0,-44.0,0,1
603,3.0,26.5,3.2,-0.62,-1.16,0,1.0,3.0,-55.0,0,1
604,3.0,42.0,3.2,0.99,1.12,1,1.0,3.0,-61.0,1,1
605,3.0,32.0,3.1,0.04,0.22,1,1.0,4.0,-62.0,1,1
606,3.0,37.0,3.2,-0.87,-1.02,1,1.0,4.0,-61.0,0,1
607,1.0,28.0,3.2,-0.67,-1.54,0,2.0,2.0,-56.0,1,0
608,1.0,37.0,3.6,0.61,0.93,1,1.0,3.0,-60.0,0,1
609,3.0,33.0,3.2,-0.07,0.05,1,1.0,4.0,-50.0,0,1
610,4.0,44.0,3.9,-0.61,-0.89,1,1.0,3.0,-62.0,1,1
611,5.0,45.0,3.4,1.37,1.71,1,1.0,4.0,-60.0,1,1
612,1.0,26.5,3.7,-0.26,-1.07,0,1.0,3.0,-61.0,1,1
613,3.0,38.0,3.2,-0.59,-0.14,1,1.0,3.0,-67.0,0,1
614,6.0,32.0,3.6,0.46,0.12,0,1.0,4.0,-61.0,1,1
615,3.0,38.0,3.4,-1.55,-2.02,0,1.0,3.0,-62.0,0,1
616,1.0,35.0,3.0,-1.18,-1.23,0,1.0,4.0,-56.0,0,1
617,2.0,33.0,2.5,-0.97,-1.15,0,1.0,3.0,-61.0,0,1
618,2.0,25.0,3.7,0.79,0.1,0,1.0,3.0,-61.0,1,1
619,2.0,37.0,2.6,0.15,0.0,1,1.0,4.0,-60.0,0,1
620,3.0,37.0,2.8,0.72,0.44,1,1.0,5.0,-60.0,1,1
621,4.0,37.0,2.9,-1.64,-2.09,0,1.0,3.0,-57.0,0,1
622,1.0,38.0,3.3,1.31,1.59,0,1.0,4.0,-63.0,1,1
623,3.0,38.0,3.2,-0.55,-0.68,1,1.0,4.0,-62.0,1,1
624,3.0,34.0,3.3,-0.79,-1.63,0,1.0,3.0,-58.0,1,0
625,2.0,19.0,2.2,-1.03,-1.32,0,1.0,3.0,-50.0,0,1
626,4.0,35.5,3.6,-0.75,-1.38,1,1.0,2.0,-46.0,0,0
627,3.0,39.0,3.9,1.54,1.61,1,1.0,4.0,-66.0,1,1
628,4.0,40.0,3.7,1.59,1.75,1,1.0,3.0,-62.0,0,0
629,1.0,28.0,3.3,0.85,0.48,1,1.0,4.0,-62.0,1,0
630,3.0,35.0,2.9,0.87,0.88,1,2.0,3.0,-55.0,1,1
631,1.0,38.0,3.2,-0.28,-0.61,1,1.0,4.0,-60.0,1,1
632,2.0,20.0,3.3,-0.71,-0.52,0,2.0,1.0,-61.0,1,0
633,4.0,32.0,3.0,0.85,0.15,1,1.0,5.0,-58.0,1,1
634,3.0,32.0,2.7,-1.34,-1.69,0,1.0,5.0,-62.0,0,1
635,3.0,33.0,2.7,-0.03,-0.3,1,1.0,4.0,-58.0,0,1
636,1.0,36.0,3.6,0.42,0.42,1,1.0,4.0,-60.0,1,1
637,4.0,36.0,3.7,-1.57,-0.94,0,2.0,2.0,-49.0,0,0
638,3.0,34.0,3.2,0.76,1.01,1,1.0,4.0,-61.0,1,1
639,3.0,29.5,3.6,0.47,0.36,1,1.0,4.0,-57.0,0,1
640,3.0,25.0,3.4,-1.77,-1.63,0,1.0,3.0,-62.0,0,0
641,2.0,31.0,3.3,-0.86,-0.61,0,1.0,4.0,-61.0,1,1
642,6.0,21.5,2.9,0.72,-0.43,0,1.0,3.0,-62.0,0,0
643,3.0,37.0,3.7,0.96,1.12,1,1.0,4.0,-60.0,1,1
644,1.0,35.0,3.2,-1.14,-0.91,0,1.0,4.0,-62.0,1,1
645,6.0,27.0,2.6,-0.46,-1.32,0,2.0,2.0,-57.0,1,0
646,2.0,32.0,3.5,1.06,1.05,1,1.0,3.0,-60.0,0,1
647,3.0,34.5,2.9,-0.5,-0.85,0,1.0,2.0,-46.0,1,1
648,1.0,27.0,3.1,0.16,-0.15,1,1.0,4.0,-61.0,1,0
649,1.0,46.0,3.0,1.42,1.58,1,1.0,2.0,-59.0,1,1
650,2.0,30.0,3.0,-0.51,-0.64,0,1.0,4.0,-61.0,1,0
651,4.0,42.0,3.5,0.25,0.4,1,1.0,4.0,-52.0,0,1
652,3.0,29.0,3.0,-1.38,-1.03,0,1.0,3.0,-53.0,1,1
653,3.0,38.5,3.3,1.35,1.64,1,1.0,4.0,-60.0,0,1
654,3.0,28.5,2.7,-0.14,0.57,1,2.0,5.0,-66.0,0,1
655,3.0,34.3,2.6,-0.58,-0.68,0,1.0,4.0,-60.0,0,1
656,2.0,33.5,3.8,0.28,-0.02,0,1.0,3.0,-62.0,1,1
657,4.0,34.0,3.4,-0.44,-0.91,0,1.0,4.0,-60.0,0,1
658,4.0,33.0,3.9,-0.48,-0.68,0,1.0,3.0,-53.0,0,1
659,3.0,24.0,3.1,-1.86,-1.84,0,1.0,3.0,-41.0,1,1
660,2.0,27.0,3.2,-1.33,-1.2,0,1.0,2.0,-57.0,1,0
661,6.0,26.0,3.6,0.03,0.34,0,1.0,3.0,-62.0,1,0
662,4.0,33.0,2.7,-1.52,-1.49,0,1.0,4.0,-61.0,1,0
663,3.0,46.0,3.4,0.79,1.33,1,1.0,4.0,-61.0,1,1
664,3.0,39.0,2.6,-1.02,-1.33,0,1.0,2.0,-57.0,1,0
665,3.0,31.0,2.8,-0.23,-2.15,0,1.0,3.0,-65.0,0,0
666,3.0,34.0,3.0,-0.85,0.73,1,1.0,3.0,-54.0,0,1
667,3.0,37.0,3.3,-0.47,-0.09,1,1.0,4.0,-62.0,1,1
668,3.0,36.0,3.1,-1.06,-0.2,1,1.0,2.0,-58.0,0,1
669,4.0,40.0,2.9,-1.44,-1.82,0,1.0,3.0,-62.0,0,0
670,1.0,27.5,3.0,-0.7,-1.09,0,1.0,3.0,-55.0,1,1
671,1.0,37.0,3.5,-1.35,-1.05,0,1.0,2.0,-61.0,1,0
672,4.0,23.0,3.2,-1.37,-2.05,0,1.0,2.0,-61.0,1,0
673,5.0,40.0,3.2,-0.34,-0.36,1,1.0,2.0,-52.0,0,0
674,3.0,43.0,2.2,-0.08,-0.56,1,2.0,4.0,-53.0,0,1
675,2.0,31.0,3.5,-0.53,-0.45,0,1.0,3.0,-62.0,0,1
676,3.0,40.0,2.8,-0.59,-0.27,0,1.0,3.0,-55.0,1,1
677,3.0,37.0,3.0,-1.21,-1.08,1,1.0,4.0,-62.0,0,1
678,3.0,32.0,2.7,0.16,-1.39,0,2.0,4.0,-61.0,0,1
679,5.0,29.5,3.3,-1.21,-1.76,1,1.0,3.0,-62.0,1,0
680,5.0,45.0,3.4,-0.5,-0.65,1,1.0,2.0,-58.0,1,1
681,2.0,33.0,2.6,0.01,-1.12,0,1.0,4.0,-60.0,0,1
682,4.0,32.0,3.4,-0.28,-0.24,1,1.0,4.0,-62.0,0,1
683,1.0,38.0,3.3,0.5,-0.12,1,1.0,3.0,-54.0,0,1
684,3.0,35.0,3.4,1.52,1.67,1,1.0,2.0,-59.0,1,1
685,1.0,37.0,3.3,1.1,1.0,1,1.0,4.0,-61.0,1,1
686,2.0,31.0,3.4,-0.21,-0.71,1,1.0,4.0,-67.0,1,1
687,3.0,33.0,3.8,-0.55,-0.11,1,1.0,4.0,-63.0,1,1
688,2.0,39.0,2.7,0.01,-0.5,0,1.0,2.0,-62.0,1,1
689,4.0,37.0,2.8,0.54,0.46,1,1.0,3.0,-61.0,1,1
690,2.0,33.0,3.2,1.2,1.09,1,1.0,4.0,-62.0,1,1
691,1.0,38.0,3.5,0.16,-0.47,0,1.0,4.0,-62.0,1,1
692,3.0,33.0,3.8,-1.54,-1.42,0,2.0,3.0,-66.0,1,1
693,2.0,33.0,3.0,-1.51,-0.84,0,1.0,4.0,-62.0,0,1
694,3.0,28.5,3.0,-1.35,-1.67,0,1.0,1.0,-60.0,0,0
695,3.0,32.0,3.6,0.41,0.14,1,1.0,4.0,-61.0,1,1
696,3.0,35.5,3.1,-1.87,-2.36,0,1.0,4.0,-61.0,0,1
697,4.0,42.0,3.5,-0.72,-1.4,1,1.0,4.0,-62.0,1,1
698,4.0,35.0,3.4,-0.32,-0.17,0,1.0,4.0,-61.0,1,1
699,1.0,40.0,3.3,0.69,1.31,1,1.0,3.0,-54.0,0,1
700,3.0,37.0,3.5,0.64,0.56,1,1.0,4.0,-61.0,0,1
701,1.0,42.0,3.7,-1.81,-1.34,1,1.0,5.0,-61.0,1,0
702,3.0,31.0,3.1,1.87,1.05,1,1.0,4.0,-59.0,1,1
703,3.0,41.0,3.0,0.16,0.49,0,2.0,3.0,-59.0,0,1
704,5.0,42.0,3.6,-0.45,-1.06,0,1.0,3.0,-63.0,0,1
705,3.0,31.0,3.0,-1.53,-1.17,0,1.0,2.0,-48.0,0,0
706,3.0,41.0,3.5,-0.02,-0.66,1,1.0,3.0,-64.0,0,1
707,1.0,28.0,2.4,-0.04,0.13,0,1.0,4.0,-61.0,1,0
708,5.0,39.0,3.5,1.5,1.08,1,1.0,2.0,-61.0,0,0
709,1.0,26.5,3.0,-1.54,-1.59,1,1.0,1.0,-62.0,1,0
710,2.0,28.5,2.9,-1.13,-0.87,0,1.0,3.0,-61.0,1,1
711,4.0,41.0,3.6,-1.13,-1.68,0,1.0,3.0,-66.0,1,1
712,3.0,35.0,3.4,0.39,0.13,0,1.0,4.0,-62.0,0,1
713,1.0,34.0,3.9,1.12,0.77,1,1.0,3.0,-65.0,0,1
714,3.0,31.0,3.6,-1.13,-1.61,0,1.0,4.0,-62.0,0,0
715,3.0,38.0,2.8,-1.39,-1.94,1,1.0,5.0,-67.0,0,1
716,6.0,38.0,3.8,1.56,1.84,1,1.0,3.0,-56.0,1,1
717,3.0,31.0,3.6,-0.03,-0.63,0,2.0,4.0,-61.0,0,1
718,1.0,39.0,3.2,-1.48,-1.54,1,1.0,5.0,-61.0,0,1
719,4.0,45.0,3.8,-1.31,-1.34,0,1.0,3.0,-58.0,0,1
720,6.0,29.5,2.3,-1.24,-0.97,0,1.0,4.0,-56.0,1,0
721,3.0,38.0,2.9,-1.78,-2.02,0,1.0,3.0,-62.0,0,1
722,1.0,39.0,3.0,-0.82,-0.95,1,1.0,4.0,-62.0,1,1
723,3.0,30.0,2.8,-0.55,-1.14,0,1.0,3.0,-62.0,1,0
724,5.0,44.0,3.9,0.38,0.85,1,1.0,4.0,-62.0,0,1
725,3.0,33.0,3.5,0.16,-0.09,1,1.0,4.0,-60.0,0,0
726,3.0,32.5,2.7,1.02,0.08,1,1.0,4.0,-60.0,0,1
727,4.0,32.0,3.1,-1.07,-0.61,0,2.0,3.0,-39.0,1,1
728,1.0,35.0,2.9,0.25,0.02,1,1.0,4.0,-51.0,0,1
729,1.0,37.0,3.1,0.57,-0.05,1,1.0,4.0,-61.0,1,1
730,3.0,34.5,2.9,0.52,0.55,1,1.0,4.0,-61.0,0,1
731,6.0,20.0,2.7,-0.93,-1.69,0,1.0,4.0,-67.0,1,0
732,4.0,42.0,3.7,0.04,0.1,1,1.0,3.0,-58.0,1,1
733,1.0,40.5,3.2,-0.79,-0.76,1,1.0,4.0,-60.0,1,1
734,3.0,34.0,4.0,1.01,1.23,1,1.0,4.0,-61.0,1,1
735,3.0,34.5,2.7,-1.27,-1.6,0,1.0,4.0,-61.0,0,0
736,3.0,29.3,3.0,-0.69,-0.8,1,1.0,4.0,-60.0,0,1
737,2.0,35.0,3.3,-0.65,-1.04,0,1.0,5.0,-62.0,0,0
738,1.0,40.0,3.7,0.85,0.64,1,1.0,3.0,-57.0,0,1
739,3.0,37.0,2.7,0.15,0.8,1,2.0,4.0,-60.0,0,1
740,3.0,31.5,3.0,0.35,-0.4,1,1.0,2.0,-62.0,0,1
741,4.0,45.0,3.1,-0.37,-0.48,1,1.0,3.0,-61.0,0,1
742,2.0,36.0,3.0,1.27,1.12,1,1.0,2.0,-45.0,0,1
743,1.0,25.0,2.1,-2.54,-2.96,0,1.0,2.0,-41.0,0,0
744,3.0,32.5,2.8,-0.28,0.32,0,1.0,3.0,-60.0,1,1
745,6.0,26.5,1.8,-0.58,-1.49,0,1.0,2.0,-62.0,0,0
746,4.0,34.0,2.8,-1.63,-1.45,0,1.0,3.0,-66.0,0,0
747,4.0,28.5,2.6,-0.64,-1.58,0,1.0,2.0,-60.0,0,0
748,1.0,38.0,2.9,-0.4,-0.02,1,1.0,3.0,-42.0,1,1
749,1.0,35.0,3.3,-0.94,-1.69,1,1.0,4.0,-61.0,0,1
750,3.0,26.0,3.2,-1.23,-1.68,0,1.0,3.0,-44.0,1,1
751,3.0,41.0,2.9,0.1,-0.12,1,1.0,3.0,-59.0,0,1
752,4.0,41.0,2.7,-1.92,-0.82,1,2.0,3.0,-54.0,0,1
753,3.0,38.0,3.1,1.29,1.33,1,1.0,4.0,-59.0,0,1
754,1.0,36.0,3.9,1.71,1.37,1,1.0,3.0,-60.0,0,1
755,4.0,45.0,2.7,-1.14,-1.35,0,2.0,3.0,-51.0,0,1
756,2.0,27.5,3.7,-0.92,-0.52,1,1.0,4.0,-38.0,1,1
757,1.0,30.0,3.8,-0.96,-1.52,0,1.0,3.0,-62.0,1,0
758,2.0,28.0,3.6,1.07,1.17,1,1.0,4.0,-62.0,1,1
759,3.0,31.0,3.6,-0.94,-1.1,0,1.0,4.0,-61.0,0,0
760,3.0,37.0,3.6,1.54,1.2,1,1.0,3.0,-67.0,0,1
761,3.0,43.0,2.3,-1.33,-1.7,0,1.0,3.0,-62.0,1,1
762,1.0,27.0,2.5,-2.06,-1.82,0,1.0,3.0,-62.0,1,0
763,3.0,25.0,3.1,-0.66,-0.86,0,1.0,3.0,-61.0,1,0
764,1.0,40.0,3.9,0.91,0.81,1,1.0,3.0,-63.0,0,1
765,3.0,33.0,3.9,0.65,0.88,0,1.0,4.0,-61.0,1,1
766,1.0,36.0,3.5,0.86,0.75,1,1.0,4.0,-61.0,1,1
767,3.0,26.0,2.5,-0.5,-0.74,0,1.0,4.0,-62.0,0,0
768,3.0,25.0,2.8,-1.58,-1.38,0,2.0,3.0,-58.0,0,0
769,4.0,47.0,3.4,1.34,1.75,1,1.0,4.0,-61.0,0,1
770,2.0,34.0,3.3,-0.98,-0.59,0,1.0,4.0,-62.0,0,1
771,4.0,40.0,3.4,-0.8,-1.39,0,2.0,3.0,-50.0,0,1
772,3.0,33.0,2.8,-1.02,-1.3,0,2.0,3.0,-57.0,1,1
773,3.0,36.0,3.0,-0.18,0.28,1,2.0,4.0,-63.0,1,1
774,4.0,43.0,3.4,0.81,0.72,1,1.0,4.0,-62.0,0,1
775,3.0,31.5,3.3,-0.4,-0.39,1,1.0,3.0,-57.0,0,1
776,4.0,42.0,3.4,0.77,0.94,0,1.0,4.0,-67.0,0,1
777,3.0,39.0,2.5,2.22,2.17,1,1.0,4.0,-58.0,0,1
778,1.0,29.0,3.1,-2.01,-2.22,0,1.0,3.0,-66.0,1,0
779,1.0,41.0,2.9,-0.61,-0.78,1,1.0,4.0,-60.0,0,1
780,2.0,32.0,3.0,0.07,-0.86,0,1.0,4.0,-53.0,1,1
781,1.0,29.5,2.7,-0.54,-1.27,0,1.0,3.0,-57.0,0,1
782,1.0,35.0,3.4,-0.58,-0.88,0,1.0,4.0,-62.0,1,1
783,4.0,31.5,3.6,-2.14,-1.4,0,1.0,2.0,-67.0,1,0
784,4.0,45.0,3.6,0.23,0.5,1,1.0,4.0,-62.0,1,1
785,3.0,33.0,3.3,1.09,1.46,1,1.0,3.0,-62.0,0,1
786,2.0,34.0,2.8,-0.36,-0.19,0,1.0,2.0,-60.0,0,1
787,2.0,33.0,2.9,-0.48,-0.01,0,1.0,3.0,-61.0,1,1
788,1.0,26.5,2.8,-2.14,-1.4,0,1.0,2.0,-67.0,1,0
789,3.0,28.0,3.4,0.06,0.37,1,1.0,4.0,-62.0,1,1
790,1.0,36.0,2.9,-0.61,-0.6,1,1.0,2.0,-65.0,1,1
791,1.0,36.0,3.5,0.01,-0.19,1,1.0,3.0,-62.0,0,1
792,1.0,37.0,3.5,-0.55,-0.16,1,1.0,3.0,-62.0,0,1
793,3.0,33.5,2.6,-1.07,-1.14,0,2.0,4.0,-64.0,0,1
794,2.0,31.0,3.2,1.3,0.97,1,1.0,5.0,-61.0,0,1
795,2.0,34.0,3.4,0.77,0.16,1,1.0,3.0,-62.0,0,1
796,2.0,32.0,3.4,0.46,0.83,1,1.0,4.0,-59.0,1,1
797,4.0,45.0,2.9,2.06,1.84,1,1.0,4.0,-64.0,1,1
798,1.0,36.0,2.7,-1.21,-1.41,0,1.0,3.0,-61.0,1,0
799,1.0,42.0,3.7,1.34,1.42,1,1.0,3.0,-63.0,0,1
800,2.0,24.5,3.0,-0.05,-0.48,0,1.0,3.0,-62.0,0,0
801,1.0,42.0,2.7,-0.91,-0.45,1,1.0,4.0,-61.0,0,1
802,3.0,34.0,2.7,-1.9,-2.6,0,1.0,4.0,-62.0,1,0
803,2.0,28.0,3.0,-1.88,-1.41,0,1.0,4.0,-56.0,0,1
804,4.0,43.0,3.4,0.83,0.8,1,1.0,3.0,-53.0,1,1
805,3.0,35.5,3.2,-0.62,-0.49,1,1.0,2.0,-62.0,1,0
806,4.0,29.0,3.4,-0.3,-0.72,0,2.0,4.0,-55.0,1,0
807,3.0,34.0,2.9,-0.87,-1.51,0,1.0,3.0,-61.0,1,1
808,3.0,36.5,3.6,0.01,0.32,1,1.0,5.0,-67.0,0,1
809,3.0,29.0,3.5,-0.95,-1.53,0,1.0,4.0,-44.0,0,1
810,1.0,38.0,3.3,-0.32,-1.71,0,1.0,4.0,-61.0,0,1
811,1.0,34.3,2.8,-0.21,-1.59,0,1.0,4.0,-59.0,0,1
812,3.0,30.5,3.5,-0.63,-0.57,1,1.0,3.0,-62.0,0,1
813,1.0,26.0,3.0,-1.27,-1.28,1,1.0,3.0,-62.0,1,0
814,3.0,33.0,3.1,-1.26,-1.06,0,1.0,2.0,-34.0,1,1
815,1.0,37.5,3.6,-0.72,-0.53,1,1.0,4.0,-62.0,1,1
816,3.0,35.0,3.3,0.48,0.5,1,1.0,3.0,-63.0,0,1
817,4.0,42.0,3.3,-0.01,0.8,1,1.0,4.0,-63.0,1,1
818,6.0,24.5,2.5,-0.37,-0.69,0,1.0,1.0,-56.0,0,0
819,1.0,28.0,2.5,-2.18,-2.5,0,1.0,3.0,-61.0,1,0
820,3.0,42.0,3.5,1.91,1.99,1,1.0,4.0,-58.0,0,1
821,1.0,35.5,3.4,-0.15,-0.27,1,1.0,3.0,-59.0,0,1
822,1.0,37.0,3.6,-0.51,-0.99,0,1.0,3.0,-52.0,0,1
823,4.0,33.0,3.5,0.06,-0.24,0,1.0,3.0,-39.0,1,0
824,1.0,39.0,3.1,-0.83,-1.31,1,1.0,3.0,-62.0,1,1
825,3.0,41.0,3.6,0.45,0.74,1,1.0,4.0,-62.0,0,1
826,4.0,36.0,2.6,0.24,-0.53,1,2.0,4.0,-56.0,0,1
827,3.0,37.0,2.9,-0.17,-0.72,1,1.0,4.0,-61.0,0,1
828,1.0,26.0,3.0,-1.02,-1.48,0,1.0,3.0,-63.0,1,0
829,5.0,47.0,3.4,0.87,0.51,1,1.0,4.0,-62.0,0,1
830,3.0,39.0,2.8,-0.19,-0.48,0,2.0,4.0,-57.0,0,1
831,5.0,43.0,2.7,-0.46,-0.49,1,1.0,3.0,-54.0,0,1
832,3.0,36.0,2.9,-0.44,0.21,1,1.0,4.0,-49.0,1,1
833,4.0,37.0,3.2,-0.48,0.38,0,2.0,3.0,-49.0,0,1
834,1.0,28.0,2.8,-1.63,-2.09,0,1.0,3.0,-57.0,0,0
835,2.0,35.0,2.7,-0.96,-1.3,0,1.0,3.0,-54.0,0,1
836,3.0,34.0,3.2,0.48,-0.45,1,1.0,3.0,-60.0,0,1
837,1.0,41.0,2.8,-0.24,-0.56,1,1.0,4.0,-60.0,1,1
838,1.0,23.0,2.7,-1.57,-1.8,0,1.0,3.0,-59.0,0,0
839,4.0,35.0,3.5,-0.83,-1.25,0,1.0,4.0,-59.0,1,1
840,1.0,24.0,2.9,-2.13,-1.92,1,1.0,1.0,-43.0,1,0
841,1.0,39.5,3.2,1.37,1.24,1,1.0,4.0,-61.0,0,1
842,6.0,27.5,2.1,-0.98,-1.62,0,1.0,4.0,-59.0,0,0
843,1.0,42.0,3.5,0.24,0.03,1,1.0,3.0,-62.0,0,1
844,3.0,40.0,3.3,-1.28,-1.41,1,1.0,5.0,-61.0,1,1
845,3.0,20.0,3.2,-1.87,-2.77,0,1.0,4.0,-60.0,0,0
846,5.0,43.0,3.8,0.61,0.49,1,1.0,4.0,-61.0,1,1
847,4.0,34.0,3.4,-0.54,-1.17,0,1.0,3.0,-63.0,1,0
848,5.0,46.0,3.4,0.3,0.66,1,1.0,3.0,-62.0,0,1
849,1.0,39.0,3.0,-1.41,-1.35,1,1.0,4.0,-62.0,1,1
850,5.0,42.0,3.7,0.06,0.51,1,1.0,5.0,-61.0,0,1
851,2.0,37.0,3.2,0.91,0.69,1,1.0,3.0,-57.0,0,1
852,5.0,43.0,3.4,0.54,0.22,1,1.0,4.0,-61.0,0,0
853,3.0,28.0,2.2,-2.31,-2.24,1,1.0,3.0,-53.0,1,0
854,2.0,30.0,2.7,-0.12,-0.52,1,1.0,4.0,-66.0,0,1
855,5.0,40.0,3.3,0.58,0.14,1,1.0,4.0,-60.0,1,1
856,2.0,34.0,3.1,0.49,0.87,1,1.0,4.0,-67.0,0,1
857,4.0,37.0,2.9,-0.61,-0.64,1,1.0,4.0,-62.0,1,1
858,1.0,27.5,2.9,-0.96,-1.62,1,1.0,3.0,-60.0,1,0
859,3.0,39.0,3.2,1.02,0.55,1,1.0,5.0,-61.0,0,1
860,3.0,32.0,3.0,-1.12,-1.29,0,1.0,3.0,-60.0,0,1
861,3.0,31.0,3.4,-0.7,-1.14,0,1.0,3.0,-62.0,1,0
862,1.0,34.5,3.2,-0.41,0.14,1,1.0,4.0,-62.0,1,1
863,3.0,40.0,2.1,0.48,0.15,1,2.0,2.0,-48.0,0,1
864,1.0,41.0,3.6,1.11,1.13,1,1.0,4.0,-52.0,0,1
865,4.0,38.0,3.3,1.45,1.27,1,1.0,4.0,-60.0,1,0
866,2.0,33.5,3.3,-0.8,-0.77,0,2.0,3.0,-56.0,0,0
867,1.0,34.0,3.4,-0.71,-1.19,1,1.0,4.0,-61.0,0,1
868,1.0,39.0,3.3,1.32,1.14,1,1.0,3.0,-60.0,0,1
869,3.0,31.0,2.4,-0.72,-0.57,0,2.0,3.0,-44.0,0,1
870,1.0,30.5,2.8,-0.76,-1.42,0,1.0,2.0,-61.0,0,1
871,3.0,35.0,2.7,-1.45,-2.14,0,1.0,3.0,-61.0,0,1
872,2.0,36.0,3.0,-0.81,-1.61,0,1.0,4.0,-67.0,1,1
873,3.0,35.0,2.8,-1.1,-1.29,0,2.0,3.0,-58.0,0,1
874,4.0,30.0,2.3,-0.95,-1.38,0,1.0,1.0,-57.0,1,0
875,1.0,34.0,3.9,-0.05,-0.06,1,1.0,3.0,-62.0,0,1
876,1.0,37.0,2.8,1.32,-0.12,0,1.0,4.0,-62.0,0,1
877,1.0,45.0,2.8,-0.4,-0.58,1,1.0,4.0,-55.0,0,1
878,3.0,39.0,3.4,-1.5,-0.66,1,1.0,5.0,-61.0,1,1
879,6.0,29.0,3.6,-0.58,-0.45,0,1.0,4.0,-62.0,1,0
880,6.0,26.5,3.3,-1.27,-1.89,0,1.0,1.0,-49.0,0,0
881,4.0,39.5,2.9,-0.91,-0.67,1,1.0,2.0,-59.0,1,1
882,5.0,33.0,3.0,-1.77,-1.89,0,1.0,4.0,-59.0,0,0
883,1.0,34.0,3.8,-0.51,0.5,1,1.0,4.0,-62.0,1,1
884,4.0,41.0,3.4,-1.21,-0.75,1,1.0,3.0,-58.0,0,1
885,4.0,38.0,3.5,-1.3,-1.61,1,1.0,3.0,-63.0,0,0
886,1.0,32.0,2.3,2.32,2.22,1,1.0,4.0,-54.0,0,1
887,1.0,35.0,3.0,0.15,-0.22,1,1.0,3.0,-62.0,1,0
888,1.0,39.0,4.0,0.99,1.36,1,1.0,2.0,-62.0,1,1
889,4.0,30.5,2.7,-0.32,-1.11,0,2.0,4.0,-60.0,1,0
890,3.0,24.0,2.4,-1.37,-2.26,0,1.0,3.0,-61.0,0,0
891,4.0,35.0,3.4,-0.74,-0.9,0,1.0,4.0,-62.0,1,1
892,1.0,42.0,3.2,-1.0,-1.83,1,1.0,4.0,-62.0,0,1
893,4.0,42.0,3.5,-1.64,-1.76,1,1.0,4.0,-58.0,1,1
894,1.0,40.0,3.6,1.71,1.12,1,1.0,4.0,-62.0,1,1
895,3.0,33.0,3.4,0.86,0.65,0,1.0,3.0,-63.0,1,1
896,4.0,28.0,3.4,-0.54,-1.5,0,1.0,2.0,-52.0,1,1
897,5.0,31.5,3.1,-0.93,-1.18,0,1.0,4.0,-52.0,1,1
898,4.0,23.5,2.1,-2.13,-1.71,0,1.0,2.0,-62.0,1,0
899,3.0,37.0,3.8,0.72,1.12,1,1.0,3.0,-62.0,0,1
900,3.0,39.0,3.0,0.0,0.91,1,2.0,4.0,-61.0,1,1
901,3.0,33.0,3.5,-0.49,-0.71,1,2.0,2.0,-50.0,1,0
902,1.0,39.0,3.1,0.02,0.09,1,1.0,4.0,-62.0,1,1
903,4.0,44.0,2.8,-1.07,-0.99,0,1.0,3.0,-54.0,0,1
904,3.0,36.0,2.7,-0.61,-1.45,0,1.0,4.0,-62.0,0,0
905,2.0,35.0,3.6,-1.09,-1.15,0,1.0,3.0,-61.0,1,1
906,1.0,27.0,3.2,-0.24,-0.38,0,2.0,4.0,-53.0,1,0
907,2.0,32.0,3.9,0.71,0.56,1,1.0,3.0,-61.0,1,1
908,1.0,40.0,2.5,-0.97,-0.51,1,1.0,5.0,-59.0,0,1
909,1.0,37.0,3.2,-1.16,-1.22,1,1.0,3.0,-62.0,1,0
910,5.0,46.0,3.5,-0.31,-0.14,1,1.0,1.0,-61.0,1,1
911,1.0,42.0,3.7,0.18,0.24,1,1.0,4.0,-66.0,1,1
912,3.0,34.0,3.0,0.07,-0.08,1,1.0,2.0,-60.0,0,1
913,1.0,35.5,3.4,-1.13,-1.0,1,1.0,4.0,-62.0,0,1
914,3.0,38.0,3.0,0.55,0.47,1,1.0,4.0,-60.0,1,1
915,3.0,31.0,3.2,-1.18,-1.87,0,1.0,4.0,-62.0,0,1
916,3.0,27.0,3.2,-1.51,-1.2,0,1.0,4.0,-62.0,0,0
917,5.0,31.0,2.3,-1.26,-1.45,0,1.0,4.0,-54.0,0,1
918,4.0,35.0,3.7,-0.85,-0.12,1,1.0,4.0,-60.0,0,1
919,4.0,34.0,3.9,-0.54,-0.77,1,1.0,2.0,-53.0,1,1
920,1.0,32.0,3.7,0.38,0.26,1,1.0,3.0,-62.0,1,1
921,4.0,29.3,2.4,-1.73,-0.59,0,2.0,3.0,-55.0,0,0
922,3.0,38.0,3.0,0.19,0.02,1,1.0,4.0,-63.0,1,1
923,1.0,38.0,3.4,-1.39,-0.79,1,2.0,3.0,-45.0,0,1
924,3.0,33.0,2.0,0.29,0.48,0,1.0,4.0,-44.0,0,1
925,3.0,39.0,3.6,-0.34,-1.43,0,1.0,2.0,-61.0,1,1
926,1.0,37.0,2.8,-0.29,-0.35,0,1.0,4.0,-62.0,1,1
927,3.0,27.0,3.5,-1.31,-1.12,0,1.0,3.0,-57.0,1,1
928,2.0,39.0,3.3,0.39,-0.49,0,1.0,3.0,-62.0,0,1
929,4.0,32.0,3.7,-0.85,-0.79,0,1.0,4.0,-62.0,1,1
930,4.0,39.5,3.2,0.36,0.4,1,1.0,3.0,-61.0,0,1
931,3.0,30.0,4.0,0.94,1.2,1,1.0,3.0,-61.0,0,1
932,2.0,32.0,3.0,0.44,0.82,0,1.0,4.0,-60.0,0,1
933,1.0,31.7,2.7,-0.91,-2.38,0,1.0,3.0,-61.0,1,1
934,1.0,30.0,3.3,-1.08,-1.67,0,1.0,1.0,-55.0,1,0
935,4.0,33.0,3.5,-0.82,1.59,0,1.0,3.0,-59.0,0,1
936,2.0,29.5,3.1,-1.26,-1.34,0,1.0,3.0,-54.0,0,1
937,3.0,40.0,2.6,-0.08,-1.48,0,1.0,3.0,-61.0,0,1
938,2.0,33.0,2.9,-1.39,-1.64,0,2.0,3.0,-42.0,1,1
939,1.0,37.0,3.2,0.39,-0.02,1,1.0,2.0,-63.0,1,1
940,3.0,36.0,3.2,-0.46,-1.52,0,1.0,2.0,-56.0,1,1
941,1.0,34.0,3.2,0.66,0.8,1,1.0,3.0,-60.0,0,1
942,1.0,35.0,3.5,-1.41,-0.84,0,1.0,4.0,-52.0,1,1
943,1.0,29.0,3.4,-0.63,-1.38,0,1.0,1.0,-62.0,1,0
944,4.0,31.0,3.0,0.21,-0.34,0,1.0,2.0,-59.0,0,0
945,3.0,32.0,3.0,-0.45,-1.4,0,1.0,4.0,-60.0,1,0
946,1.0,31.0,3.3,-1.28,-1.62,0,1.0,3.0,-38.0,1,1
947,2.0,39.0,2.5,0.83,0.38,0,1.0,4.0,-57.0,0,1
948,4.0,43.0,3.7,0.95,1.2,1,1.0,5.0,-61.0,0,1
949,2.0,32.0,3.1,-0.11,-0.47,0,1.0,4.0,-61.0,0,1
950,1.0,34.0,3.5,-0.51,-0.53,1,1.0,3.0,-49.0,1,1
951,3.0,40.0,2.8,0.41,0.49,1,1.0,2.0,-55.0,1,1
952,1.0,34.0,2.8,-0.26,-0.65,0,1.0,3.0,-59.0,0,0
953,4.0,36.0,3.2,-0.56,-1.04,0,1.0,3.0,-56.0,0,1
954,3.0,32.5,3.2,-0.53,-0.34,1,1.0,5.0,-61.0,0,1
955,3.0,32.0,2.9,0.24,0.36,0,2.0,2.0,-57.0,0,1
956,2.0,32.0,3.3,-0.65,-1.08,0,1.0,3.0,-62.0,1,1
957,3.0,36.0,2.8,0.25,-0.57,1,1.0,4.0,-62.0,0,1
958,3.0,34.0,3.1,0.07,0.15,1,1.0,5.0,-66.0,0,1
959,4.0,42.0,3.4,0.16,0.15,1,1.0,5.0,-60.0,1,1
960,3.0,35.0,3.6,0.92,0.4,0,1.0,4.0,-61.0,1,1
961,2.0,31.0,3.2,0.28,0.66,0,1.0,5.0,-59.0,0,1
962,1.0,40.0,4.0,0.95,1.15,1,1.0,3.0,-59.0,0,1
963,3.0,37.0,3.3,-1.23,-1.01,0,1.0,3.0,-58.0,0,1
964,1.0,38.0,3.9,0.46,0.11,1,1.0,4.0,-62.0,1,1
965,3.0,24.0,2.8,-1.1,-0.98,0,1.0,1.0,-52.0,1,0
966,3.0,27.0,2.4,-1.66,-1.07,0,1.0,2.0,-59.0,0,0
967,1.0,39.0,2.9,0.22,-0.26,1,1.0,4.0,-62.0,0,1
968,2.0,29.0,3.2,-1.02,-1.01,0,1.0,4.0,-59.0,0,1
969,4.0,34.0,3.2,-0.47,-0.79,1,1.0,4.0,-61.0,0,1
970,3.0,33.0,3.3,0.05,0.06,1,1.0,3.0,-58.0,0,1
971,1.0,40.0,3.7,0.14,-0.61,1,1.0,4.0,-63.0,0,1
972,2.0,33.0,3.5,-0.05,-0.56,1,1.0,4.0,-62.0,0,1
973,2.0,29.5,3.0,-1.64,-1.36,1,1.0,4.0,-61.0,0,1
974,4.0,33.5,3.5,0.26,0.08,1,1.0,3.0,-62.0,1,1
975,2.0,35.0,2.2,-0.65,-0.83,0,1.0,3.0,-58.0,0,1
976,1.0,42.0,2.9,0.27,0.74,1,1.0,4.0,-59.0,0,1
977,3.0,33.0,2.7,-1.23,-1.52,0,1.0,3.0,-25.0,0,1
978,3.0,24.0,3.2,-0.41,-0.85,0,1.0,5.0,-61.0,1,1
979,4.0,43.0,3.3,-0.84,-1.16,0,1.0,4.0,-56.0,0,1
980,6.0,33.0,2.8,0.41,0.32,0,1.0,5.0,-63.0,0,1
981,4.0,36.5,3.1,1.52,1.44,1,1.0,5.0,-55.0,1,1
982,1.0,41.0,2.9,-0.39,-0.78,0,1.0,3.0,-62.0,0,1
983,6.0,22.3,2.4,-0.1,0.18,0,1.0,2.0,-59.0,1,0
984,1.0,43.0,3.2,0.32,0.01,1,1.0,3.0,-62.0,1,1
985,3.0,25.5,2.2,-2.14,-1.45,0,1.0,4.0,-60.0,1,0
986,1.0,39.0,3.7,1.31,1.56,1,1.0,4.0,-56.0,1,1
987,1.0,41.0,3.0,1.45,1.46,1,1.0,3.0,-60.0,0,1
988,1.0,35.0,3.4,-1.31,-1.38,0,1.0,4.0,-62.0,0,1
989,1.0,40.0,2.7,0.47,-0.38,1,2.0,4.0,-55.0,1,1
990,4.0,44.0,3.8,-0.96,-0.93,0,1.0,4.0,-66.0,0,1
991,4.0,28.0,2.5,0.61,0.51,0,2.0,3.0,-41.0,0,1
992,4.0,26.0,2.9,-1.7,-2.14,0,1.0,2.0,-58.0,0,0
993,4.0,41.0,2.7,0.57,-0.36,0,2.0,2.0,-51.0,1,1
994,1.0,44.0,3.2,-0.36,-0.93,0,1.0,2.0,-64.0,0,1
995,4.0,42.0,3.4,0.99,0.39,1,1.0,4.0,-60.0,1,1
996,5.0,47.0,3.7,0.1,-0.07,1,1.0,3.0,-61.0,1,1
997,6.0,31.0,2.5,0.08,-0.4,0,1.0,1.0,-58.0,0,1
998,5.0,38.0,3.1,0.87,1.16,1,1.0,4.0,-61.0,0,1
999,1.0,29.0,2.6,-1.01,-1.62,0,1.0,4.0,-62.0,1,0
1000,1.0,39.0,3.5,-1.03,-1.18,0,1.0,4.0,-36.0,1,1
1001,5.0,46.0,3.7,-0.98,-0.91,1,1.0,4.0,-62.0,1,1
1002,3.0,20.0,2.5,-2.58,-2.44,1,1.0,5.0,-61.0,0,0
1003,3.0,22.7,2.2,-1.17,-0.3,0,2.0,4.0,-55.0,0,1
1004,2.0,27.0,3.0,-0.52,-0.06,1,1.0,3.0,-62.0,0,1
1005,1.0,39.0,3.2,-1.41,-1.74,0,1.0,3.0,-63.0,0,1
1006,3.0,31.0,2.8,-0.79,-1.51,0,1.0,4.0,-66.0,1,0
1007,2.0,25.0,3.8,0.19,-0.2,1,2.0,3.0,-41.0,1,1
1008,1.0,36.0,2.7,-0.59,-2.09,0,1.0,4.0,-62.0,0,1
1009,3.0,35.0,2.3,-1.71,-0.54,0,2.0,4.0,-49.0,0,1
1010,2.0,31.0,3.0,-1.53,-0.79,1,1.0,3.0,-61.0,0,1
1011,3.0,26.5,3.8,0.35,0.58,1,1.0,1.0,-62.0,0,0
1012,1.0,35.0,3.2,-1.1,-1.43,0,1.0,4.0,-64.0,1,1
1013,3.0,33.0,3.3,-0.14,-0.72,0,1.0,4.0,-62.0,0,0
1014,1.0,41.0,3.2,0.09,0.82,0,1.0,5.0,-60.0,0,1
1015,2.0,30.5,3.7,-0.33,-0.3,1,1.0,3.0,-60.0,1,1
1016,3.0,39.0,2.5,1.7,1.52,1,1.0,4.0,-61.0,0,1
1017,3.0,38.0,3.1,-0.08,0.03,1,1.0,2.0,-61.0,0,1
1018,4.0,32.5,3.7,-1.26,-1.52,0,1.0,3.0,-67.0,0,0
1019,2.0,30.0,3.9,-0.15,0.13,1,1.0,3.0,-46.0,1,1
1020,3.0,42.0,2.2,-1.03,-0.95,1,1.0,4.0,-61.0,0,1
1021,6.0,18.0,3.5,0.95,0.98,0,1.0,1.0,-61.0,1,0
1022,3.0,34.0,2.8,0.52,0.4,1,1.0,3.0,-60.0,0,1
1023,5.0,40.0,3.7,-1.62,-1.79,0,1.0,4.0,-60.0,1,1
1024,2.0,28.0,3.0,0.13,-1.43,0,1.0,4.0,-63.0,0,1
1025,6.0,29.0,2.8,-0.67,-0.79,0,1.0,3.0,-63.0,1,0
1026,4.0,33.0,3.2,1.4,1.7,1,1.0,4.0,-45.0,1,1
1027,1.0,39.0,3.8,-1.32,-2.0,0,1.0,4.0,-66.0,0,1
1028,6.0,26.3,2.3,-0.84,-1.04,0,1.0,4.0,-60.0,0,1
1029,2.0,31.0,2.9,-0.03,-0.17,1,1.0,4.0,-59.0,1,1
1030,1.0,28.0,2.7,-0.61,-0.86,0,1.0,2.0,-62.0,1,0
1031,3.0,32.0,2.1,0.48,0.83,1,1.0,4.0,-55.0,0,1
1032,2.0,23.3,3.1,-1.24,-1.36,0,1.0,5.0,-48.0,1,1
1033,3.0,31.5,2.8,-0.15,-0.17,1,1.0,4.0,-61.0,0,1
1034,1.0,36.0,3.9,0.92,0.64,1,1.0,3.0,-61.0,1,1
1035,3.0,32.5,3.1,-1.12,-0.74,0,1.0,4.0,-58.0,0,1
1036,3.0,42.0,2.3,0.98,1.16,1,1.0,4.0,-59.0,0,1
1037,1.0,33.0,3.5,0.38,0.34,1,1.0,4.0,-39.0,1,1
1038,3.0,36.0,3.4,-1.41,-0.26,1,1.0,5.0,-59.0,1,1
1039,1.0,36.0,2.9,-0.21,-0.04,0,1.0,3.0,-48.0,1,0
1040,2.0,27.5,3.6,0.98,1.57,1,1.0,4.0,-48.0,1,1
1041,1.0,37.0,3.5,-0.48,-0.84,0,1.0,4.0,-61.0,1,0
1042,3.0,30.0,2.6,-0.9,-0.87,0,2.0,4.0,-56.0,0,1
1043,1.0,35.0,2.7,-1.85,-1.25,1,1.0,5.0,-61.0,0,1
1044,1.0,42.0,3.7,-0.17,0.07,1,1.0,3.0,-59.0,0,1
1045,1.0,34.0,3.3,0.94,0.93,1,1.0,4.0,-61.0,1,1
1046,4.0,43.0,3.2,0.85,0.55,1,1.0,4.0,-58.0,0,1
1047,3.0,32.0,3.2,-0.67,-0.25,0,1.0,4.0,-62.0,0,1
1048,3.0,39.0,2.6,0.69,0.28,1,1.0,5.0,-58.0,0,1
1049,3.0,32.5,3.7,0.91,0.95,1,1.0,4.0,-62.0,1,1
1050,2.0,38.0,3.2,0.98,1.4,0,1.0,3.0,-58.0,1,1
1051,3.0,43.0,3.6,1.18,1.1,1,1.0,4.0,-62.0,0,1
1052,3.0,35.0,2.7,-1.03,-0.4,1,1.0,5.0,-57.0,1,1
1053,1.0,44.0,4.0,1.44,1.15,1,1.0,4.0,-67.0,0,1
1054,3.0,36.0,4.0,1.01,1.11,1,1.0,3.0,-59.0,1,1
1055,2.0,27.0,3.4,-1.23,-1.06,1,1.0,4.0,-61.0,0,1
1056,3.0,35.5,2.6,0.76,0.58,1,1.0,3.0,-64.0,0,1
1057,1.0,41.0,2.7,0.73,0.83,1,2.0,4.0,-43.0,1,1
1058,1.0,34.0,3.2,0.38,0.07,0,2.0,4.0,-57.0,1,1
1059,4.0,45.0,3.6,1.54,1.5,1,1.0,4.0,-61.0,0,1
1060,2.0,27.0,3.3,-1.17,-1.43,0,1.0,4.0,-46.0,1,1
1061,3.0,39.0,3.1,1.01,0.76,1,1.0,4.0,-62.0,0,1
1062,3.0,23.5,2.8,-1.63,-1.34,0,1.0,4.0,-62.0,1,1
1063,3.0,28.0,3.1,-0.92,-0.8,1,1.0,3.0,-62.0,1,0
1064,5.0,44.0,3.5,-0.58,-0.14,1,1.0,4.0,-59.0,1,0
1065,3.0,29.5,2.0,-1.13,-1.36,0,2.0,4.0,-57.0,1,0
1066,2.0,23.0,3.1,-1.74,-1.26,0,1.0,3.0,-48.0,0,0
1067,1.0,32.0,2.5,-1.15,-1.92,0,1.0,3.0,-56.0,1,0
1068,4.0,41.0,3.9,0.35,-0.23,1,1.0,4.0,-63.0,1,1
1069,3.0,34.0,3.1,-0.41,-0.63,1,1.0,3.0,-58.0,1,1
1070,4.0,37.0,2.1,-2.04,-0.61,0,1.0,2.0,-41.0,0,1
1071,1.0,41.0,2.8,-0.64,-0.96,0,2.0,3.0,-66.0,0,1
1072,4.0,48.0,3.2,0.81,-0.42,1,1.0,4.0,-58.0,0,1
1073,1.0,37.0,3.2,-0.23,-0.06,0,1.0,3.0,-52.0,1,1
1074,4.0,44.0,3.8,0.64,0.32,1,1.0,4.0,-62.0,0,1
1075,3.0,44.0,2.1,2.11,1.93,1,1.0,5.0,-64.0,0,1
1076,2.0,25.0,2.5,-1.33,-0.97,0,1.0,3.0,-61.0,0,0
1077,1.0,45.0,3.7,1.8,1.19,1,1.0,3.0,-59.0,0,1
1078,3.0,37.0,3.5,-1.49,-1.25,0,1.0,5.0,-62.0,0,1
1079,1.0,42.0,3.6,1.11,0.99,1,1.0,4.0,-63.0,0,0
1080,5.0,42.0,3.5,0.3,0.08,1,1.0,4.0,-62.0,0,1
1081,3.0,34.0,3.3,-0.39,-0.63,0,2.0,3.0,-55.0,0,1
1082,4.0,39.0,2.8,-0.97,-2.09,0,1.0,2.0,-55.0,1,0
1083,4.0,31.0,2.3,-0.62,-1.53,0,2.0,2.0,-59.0,0,0
1084,1.0,36.0,3.9,1.12,1.07,1,1.0,4.0,-66.0,1,1
1085,4.0,46.0,3.0,-1.66,-1.93,0,1.0,4.0,-47.0,0,1
1086,3.0,17.5,2.5,-1.53,-1.65,0,1.0,3.0,-62.0,1,0
1087,1.0,42.0,2.5,-0.63,0.25,1,1.0,3.0,-61.0,0,0
1088,4.0,36.0,3.1,-1.39,-2.16,0,1.0,3.0,-59.0,0,1
1089,3.0,26.0,2.6,-0.01,-0.28,1,1.0,2.0,-61.0,0,0
1090,4.0,30.0,3.4,-2.03,-1.75,1,1.0,5.0,-63.0,1,0
1091,2.0,40.0,3.8,1.73,1.63,1,1.0,3.0,-63.0,0,1
1092,3.0,34.0,3.5,-1.99,-1.92,0,1.0,1.0,-39.0,0,1
1093,1.0,33.0,3.4,1.65,1.75,1,1.0,4.0,-61.0,1,1
1094,3.0,29.0,3.3,-0.44,-0.31,1,1.0,4.0,-61.0,1,1
1095,3.0,37.0,2.8,0.26,-0.13,1,1.0,4.0,-66.0,1,1
1096,4.0,39.0,3.5,0.48,0.62,1,1.0,4.0,-60.0,1,1
1097,4.0,30.5,2.9,-1.39,-1.5,1,1.0,4.0,-59.0,0,1
1098,6.0,25.0,2.4,-0.25,-0.6,0,1.0,3.0,-57.0,0,0
1099,1.0,41.0,3.7,0.57,1.15,1,1.0,4.0,-62.0,1,1
1100,3.0,39.0,3.2,-0.2,-0.57,1,1.0,5.0,-62.0,1,1
1101,5.0,30.5,3.7,-0.91,-1.05,0,1.0,2.0,-60.0,1,0
1102,2.0,34.0,2.7,-1.11,-1.02,0,1.0,4.0,-61.0,0,0
1103,1.0,25.0,2.8,-2.22,-2.17,0,1.0,4.0,-61.0,1,0
1104,4.0,27.0,3.2,-2.01,-2.16,0,1.0,3.0,-67.0,1,0
1105,3.0,22.0,3.8,-1.31,-2.39,0,1.0,2.0,-62.0,1,0
1106,3.0,37.0,2.6,1.4,1.65,1,1.0,3.0,-59.0,0,1
1107,3.0,37.0,3.4,2.71,2.21,1,1.0,3.0,-61.0,1,1
1108,3.0,38.0,3.3,0.37,0.08,1,1.0,4.0,-62.0,1,1
1109,5.0,44.0,3.2,1.66,1.3,1,1.0,4.0,-62.0,0,1
1110,2.0,25.0,3.1,-0.68,-1.14,0,2.0,2.0,-55.0,0,0
1111,1.0,28.0,2.0,0.51,-0.53,0,2.0,4.0,-58.0,1,0
1112,1.0,28.0,3.5,0.44,0.0,0,1.0,3.0,-55.0,1,1
1113,3.0,36.0,3.4,0.83,0.34,1,1.0,3.0,-54.0,1,0
1114,3.0,35.0,3.0,0.45,-0.09,0,1.0,3.0,-61.0,1,0
1115,3.0,29.0,2.9,-1.03,-1.13,0,1.0,5.0,-60.0,0,1
1116,3.0,40.0,3.0,-0.89,-0.81,1,1.0,2.0,-62.0,0,1
1117,3.0,33.0,3.4,-0.68,-1.31,0,1.0,5.0,-56.0,0,1
1118,2.0,37.0,3.5,-0.1,0.56,1,1.0,3.0,-62.0,0,1
1119,4.0,48.0,3.7,-1.36,-1.18,1,1.0,4.0,-55.0,0,1
1120,1.0,45.0,3.6,0.06,0.35,1,1.0,2.0,-60.0,1,1
1121,4.0,47.0,3.5,0.62,0.24,1,1.0,4.0,-58.0,0,1
1122,2.0,38.0,3.9,-0.86,-0.22,0,1.0,3.0,-55.0,1,1
1123,1.0,44.0,3.4,0.77,0.82,1,1.0,3.0,-48.0,0,1
1124,2.0,40.0,3.2,0.55,0.01,0,1.0,2.0,-61.0,1,1
1125,1.0,28.0,3.7,-2.35,-1.95,0,1.0,1.0,-62.0,0,0
1126,1.0,28.0,2.7,-1.18,-1.27,0,1.0,3.0,-53.0,0,0
1127,3.0,24.0,3.1,-1.18,-1.23,0,1.0,1.0,-61.0,1,0
1128,4.0,42.0,3.6,0.56,0.41,1,1.0,1.0,-52.0,1,1
1129,4.0,43.0,3.3,-0.25,-0.77,1,1.0,3.0,-48.0,0,1
1130,1.0,32.0,3.2,-0.77,-1.73,0,1.0,3.0,-67.0,1,1
1131,1.0,38.0,3.2,0.97,1.09,1,1.0,3.0,-62.0,0,1
1132,3.0,38.0,3.1,0.65,1.1,1,1.0,4.0,-62.0,1,1
1133,1.0,36.0,2.7,0.15,-0.69,1,1.0,5.0,-61.0,0,1
1134,3.0,40.0,3.4,0.36,0.36,0,2.0,4.0,-43.0,1,1
1135,1.0,45.0,3.7,-1.29,-1.46,1,1.0,4.0,-62.0,0,1
1136,3.0,40.0,2.1,-0.28,-0.72,1,1.0,4.0,-51.0,0,1
1137,3.0,30.0,2.7,-1.69,-2.19,0,1.0,2.0,-63.0,1,0
1138,4.0,32.0,3.5,1.04,1.05,1,1.0,3.0,-56.0,0,1
1139,3.0,28.5,3.2,-1.64,-1.98,0,1.0,3.0,-61.0,0,1
1140,4.0,41.0,3.5,-0.47,-0.54,1,1.0,3.0,-62.0,0,1
1141,3.0,42.0,3.2,1.05,1.29,1,1.0,4.0,-67.0,0,1
1142,4.0,40.0,3.1,-0.85,-1.3,0,1.0,4.0,-62.0,0,1
1143,2.0,28.0,2.9,-2.24,0.86,0,1.0,2.0,-65.0,1,0
1144,3.0,31.0,3.0,0.17,-0.08,1,1.0,3.0,-61.0,1,1
1145,2.0,37.0,2.0,-1.63,-1.68,0,1.0,4.0,-55.0,0,1
1146,1.0,31.0,3.5,-0.29,-0.48,0,1.0,4.0,-56.0,1,1
1147,3.0,40.0,2.4,-0.31,-0.68,1,2.0,4.0,-50.0,1,1
1148,4.0,39.0,3.7,-0.71,-0.95,1,1.0,3.0,-55.0,1,1
1149,4.0,48.0,3.7,1.47,1.19,1,1.0,4.0,-60.0,1,1
1150,1.0,37.5,3.3,-0.9,-1.2,0,1.0,5.0,-58.0,0,1
1151,4.0,24.0,2.8,-0.97,-1.36,0,2.0,3.0,-65.0,1,0
1152,3.0,31.0,3.0,0.87,0.51,1,1.0,4.0,-58.0,0,1
1153,1.0,43.0,2.8,-0.35,-0.52,1,1.0,4.0,-60.0,0,1
1154,1.0,39.0,3.4,-0.56,-0.64,1,2.0,2.0,-61.0,1,1
1155,2.0,19.3,2.3,-1.64,-2.36,0,1.0,3.0,-61.0,0,0
1156,1.0,48.0,3.4,1.04,0.86,1,1.0,4.0,-60.0,0,1
1157,4.0,36.0,2.7,-0.39,-0.39,1,1.0,4.0,-60.0,0,0
1158,3.0,41.0,2.8,0.16,-0.18,1,1.0,4.0,-66.0,1,1
1159,4.0,41.0,3.9,0.08,-0.93,1,1.0,1.0,-58.0,0,1
1160,3.0,27.0,3.2,-0.71,-0.55,0,1.0,3.0,-62.0,1,0
1161,3.0,40.0,3.3,-0.24,-0.58,1,1.0,4.0,-62.0,0,1
1162,3.0,42.0,2.7,-0.5,-0.73,1,1.0,4.0,-57.0,0,0
1163,4.0,32.0,3.2,-1.02,-1.61,1,1.0,3.0,-61.0,1,1
1164,3.0,40.0,3.3,-0.21,-0.11,1,1.0,5.0,-60.0,0,1
1165,3.0,35.0,3.6,-0.42,-0.87,1,1.0,4.0,-62.0,1,1
1166,3.0,38.0,3.2,-1.39,-1.13,1,1.0,3.0,-58.0,1,1
1167,1.0,41.0,3.2,1.99,2.16,1,1.0,3.0,-67.0,0,1
1168,6.0,33.0,3.0,-0.72,-0.88,0,1.0,4.0,-55.0,1,1
1169,3.0,30.0,3.4,0.87,0.23,1,1.0,3.0,-62.0,0,1
1170,3.0,33.0,3.2,0.03,0.29,0,1.0,4.0,-60.0,1,1
1171,2.0,32.0,3.1,-0.49,-0.36,1,1.0,4.0,-61.0,0,1
1172,3.0,30.5,3.2,-0.52,-0.38,1,1.0,4.0,-60.0,1,1
1173,3.0,34.0,3.0,-0.03,-0.95,0,2.0,2.0,-54.0,1,1
1174,3.0,31.0,2.5,-1.09,-1.34,0,1.0,4.0,-62.0,0,0
1175,4.0,40.0,3.2,-0.07,-0.45,0,1.0,4.0,-62.0,1,1
1176,2.0,35.0,2.4,0.8,0.72,1,1.0,4.0,-59.0,0,1
1177,4.0,37.0,3.5,-1.69,-1.26,0,1.0,4.0,-59.0,1,1
1178,2.0,32.5,3.3,-0.9,-1.07,0,1.0,3.0,-59.0,0,1
1179,3.0,28.0,2.7,0.21,0.0,0,1.0,3.0,-58.0,0,0
1180,1.0,42.0,3.1,0.01,-0.23,1,1.0,3.0,-62.0,1,1
1181,3.0,35.0,3.3,0.9,1.85,1,1.0,3.0,-61.0,0,1
1182,4.0,46.0,3.6,0.13,0.1,1,1.0,4.0,-62.0,1,1
1183,1.0,37.0,3.0,-0.3,-1.69,0,1.0,3.0,-60.0,0,1
1184,3.0,36.0,3.0,-1.11,-0.65,0,1.0,4.0,-52.0,0,1
1185,2.0,32.0,3.4,0.92,0.59,0,1.0,4.0,-62.0,0,1
1186,1.0,38.0,3.5,0.03,-0.24,1,1.0,4.0,-61.0,0,1
1187,4.0,44.0,3.6,-0.62,-1.17,0,1.0,3.0,-62.0,1,0
1188,3.0,34.0,3.0,-0.24,-0.25,0,1.0,4.0,-62.0,1,1
1189,1.0,41.0,3.7,0.13,0.16,1,1.0,3.0,-49.0,0,1
1190,6.0,17.0,3.6,-0.26,-0.27,0,1.0,2.0,-60.0,0,0
1191,3.0,40.0,2.3,-0.92,-0.49,1,1.0,5.0,-61.0,0,1
1192,3.0,35.0,2.9,-0.51,-0.64,0,1.0,4.0,-62.0,0,1
1193,3.0,30.0,2.5,-1.72,-1.21,0,1.0,3.0,-60.0,1,0
1194,3.0,26.5,3.4,-1.36,-1.33,0,1.0,2.0,-62.0,1,1
1195,1.0,42.0,3.6,0.63,0.58,1,1.0,4.0,-62.0,1,1
1196,4.0,42.0,3.3,-0.1,0.1,1,1.0,3.0,-55.0,0,1
1197,3.0,33.0,2.8,-0.55,-0.9,1,1.0,3.0,-61.0,0,1
1198,6.0,26.0,2.9,0.08,0.26,1,1.0,5.0,-62.0,0,0
1199,3.0,35.0,3.2,-1.13,-0.84,1,1.0,2.0,-59.0,0,1
1200,3.0,24.7,3.0,-0.82,-1.35,0,1.0,4.0,-60.0,0,1
1201,2.0,32.0,2.9,-0.43,-0.8,0,1.0,3.0,-61.0,0,1
1202,1.0,32.0,2.5,-0.78,-0.8,1,1.0,3.0,-59.0,0,1
1203,5.0,45.0,3.5,0.93,0.87,1,1.0,3.0,-56.0,0,1
1204,3.0,35.0,3.5,0.97,0.43,1,1.0,3.0,-61.0,0,1
1205,4.0,34.0,3.6,-0.54,-0.24,0,1.0,4.0,-62.0,1,1
1206,2.0,30.0,3.4,0.51,0.29,1,1.0,3.0,-62.0,1,1
1207,1.0,31.5,1.9,-2.13,-2.33,0,1.0,2.0,-60.0,0,0
1208,2.0,35.0,2.4,-0.4,-0.06,0,1.0,3.0,-53.0,0,1
1209,3.0,38.0,3.1,0.16,-0.23,1,1.0,2.0,-60.0,1,1
1210,1.0,41.0,3.2,-1.17,-1.12,1,1.0,4.0,-61.0,0,0
1211,3.0,33.0,3.2,-0.71,-0.96,0,2.0,4.0,-62.0,0,1
1212,5.0,30.5,3.5,-0.08,-0.54,1,1.0,2.0,-61.0,0,0
1213,3.0,31.0,3.6,1.59,1.31,1,1.0,4.0,-62.0,1,1
1214,2.0,35.0,3.4,-0.47,-0.29,0,1.0,4.0,-62.0,0,1
1215,4.0,32.0,3.3,-2.76,-2.56,0,1.0,1.0,-46.0,1,0
1216,1.0,42.0,3.9,0.32,1.11,1,1.0,4.0,-32.0,1,1
1217,5.0,44.0,3.8,1.16,0.75,1,1.0,4.0,-60.0,0,1
1218,5.0,42.0,3.7,-0.39,-0.28,1,1.0,4.0,-63.0,1,1
1219,5.0,39.0,3.7,0.33,0.35,1,1.0,2.0,-56.0,0,1
1220,3.0,39.0,3.3,0.1,-0.05,1,1.0,3.0,-58.0,0,1
1221,3.0,35.0,2.8,-0.79,-0.64,1,1.0,4.0,-61.0,1,1
1222,2.0,28.5,3.2,0.66,0.32,0,1.0,4.0,-51.0,0,1
1223,2.0,30.5,2.9,-1.18,-1.54,0,1.0,5.0,-60.0,0,1
1224,3.0,35.0,2.8,0.06,0.62,1,1.0,3.0,-62.0,0,1
1225,6.0,36.0,2.2,-0.55,-1.05,0,1.0,3.0,-61.0,1,0
1226,3.0,35.0,3.0,-0.45,0.13,1,1.0,3.0,-62.0,1,1
1227,6.0,28.0,3.9,0.6,1.13,1,1.0,2.0,-56.0,0,1
1228,5.0,41.0,3.6,-0.9,-0.86,1,1.0,3.0,-59.0,1,1
1229,3.0,39.0,2.9,-0.29,0.07,1,1.0,3.0,-62.0,0,1
1230,2.0,39.0,3.1,-1.24,-1.24,0,1.0,3.0,-62.0,1,1
1231,3.0,38.5,2.8,-0.03,-1.04,0,1.0,4.0,-55.0,0,1
1232,1.0,39.0,3.3,-0.91,-1.53,0,1.0,4.0,-56.0,0,1
1233,4.0,39.5,3.4,-1.02,-1.08,0,1.0,4.0,-61.0,1,1
1234,3.0,43.0,3.0,-0.2,0.6,1,1.0,3.0,-55.0,0,1
1235,1.0,33.0,3.0,0.01,-2.07,1,1.0,4.0,-60.0,0,1
1236,4.0,35.0,3.2,-0.07,-0.52,1,2.0,5.0,-55.0,1,0
1237,5.0,41.0,3.8,-0.24,-0.2,1,1.0,4.0,-68.0,1,1
1238,3.0,31.5,2.9,-0.66,-1.07,0,2.0,4.0,-62.0,0,1
1239,2.0,37.0,3.5,-0.24,-0.55,1,1.0,4.0,-62.0,1,1
1240,3.0,37.0,3.6,-0.43,0.13,1,1.0,3.0,-63.0,1,1
1241,6.0,37.0,3.8,1.31,1.35,1,1.0,4.0,-45.0,1,1
1242,3.0,24.0,3.0,-0.75,-1.24,0,1.0,3.0,-61.0,1,0
1243,3.0,40.0,2.6,-0.93,-0.68,1,1.0,4.0,-40.0,0,1
1244,4.0,37.0,2.7,0.14,-0.08,1,1.0,2.0,-58.0,0,1
1245,3.0,33.0,3.2,-0.03,-0.21,1,1.0,3.0,-61.0,1,1
1246,3.0,37.0,3.2,-0.58,-1.01,1,1.0,3.0,-61.0,0,1
1247,2.0,35.0,2.7,0.14,-0.02,1,1.0,4.0,-58.0,0,1
1248,2.0,28.0,2.9,-0.66,-1.06,0,1.0,3.0,-62.0,1,1
1249,1.0,31.0,3.8,-1.9,-2.2,0,1.0,3.0,-62.0,0,1
1250,4.0,34.0,3.2,-0.81,-0.86,1,1.0,3.0,-61.0,1,0
1251,3.0,32.0,3.1,-0.84,-1.36,1,1.0,4.0,-62.0,0,0
1252,1.0,36.0,3.4,-0.56,-1.34,1,1.0,4.0,-61.0,0,1
1253,4.0,42.0,3.0,0.39,0.44,1,1.0,4.0,-59.0,1,1
1254,3.0,29.0,3.3,-0.4,0.19,0,1.0,3.0,-61.0,0,0
1255,3.0,36.0,3.2,-0.33,0.43,1,1.0,4.0,-62.0,1,1
1256,2.0,31.0,3.4,-1.01,-0.56,0,1.0,3.0,-62.0,1,1
1257,3.0,37.0,3.7,0.68,-0.7,0,2.0,3.0,-51.0,1,1
1258,3.0,24.0,3.3,-1.6,-2.56,0,1.0,3.0,-61.0,1,0
1259,5.0,29.3,2.7,-0.24,-0.85,0,1.0,4.0,-58.0,0,0
1260,3.0,21.5,3.0,-0.37,-1.35,0,1.0,2.0,-57.0,0,0
1261,3.0,37.0,3.2,0.03,0.55,1,1.0,5.0,-62.0,1,1
1262,4.0,33.0,2.8,-0.96,-1.42,1,1.0,3.0,-61.0,0,0
1263,3.0,39.5,3.4,0.64,0.56,1,1.0,3.0,-59.0,1,1
1264,3.0,36.0,3.1,1.16,1.26,1,1.0,3.0,-57.0,0,1
1265,5.0,44.0,3.7,-0.6,-0.15,1,1.0,2.0,-58.0,1,1
1266,1.0,34.0,4.0,0.48,0.49,1,1.0,3.0,-61.0,1,1
1267,3.0,35.0,3.3,0.88,1.44,1,1.0,4.0,-62.0,0,1
1268,4.0,42.0,3.8,0.19,-0.38,1,1.0,5.0,-62.0,0,1
1269,3.0,42.0,3.5,-0.42,-0.05,1,1.0,4.0,-64.0,1,1
1270,3.0,34.0,3.1,-0.13,-0.74,1,1.0,3.0,-58.0,0,0
1271,1.0,40.0,3.4,-1.7,-1.81,1,1.0,3.0,-61.0,0,1
1272,1.0,36.0,3.4,-1.73,-2.08,0,1.0,2.0,-67.0,1,0
1273,3.0,31.0,3.6,0.51,0.51,0,1.0,3.0,-50.0,1,1
1274,2.0,28.0,3.2,-1.25,-1.17,1,1.0,5.0,-58.0,0,1
1275,3.0,29.0,2.3,-0.93,-1.18,0,1.0,4.0,-60.0,0,1
1276,2.0,27.0,3.0,-0.64,-1.33,0,1.0,2.0,-54.0,1,0
1277,3.0,42.0,3.1,-0.24,-0.83,0,1.0,4.0,-60.0,1,1
1278,3.0,32.0,3.2,0.01,-0.09,0,1.0,3.0,-61.0,1,1
1279,3.0,22.0,2.6,-1.41,-1.66,0,1.0,1.0,-60.0,0,0
1280,4.0,36.0,2.5,0.43,0.38,1,2.0,5.0,-60.0,0,1
1281,3.0,40.0,2.9,0.47,0.24,1,1.0,4.0,-61.0,0,1
1282,3.0,32.0,2.1,-0.55,-1.0,0,1.0,4.0,-31.0,0,1
1283,1.0,45.0,3.2,0.19,0.34,1,1.0,4.0,-61.0,0,1
1284,3.0,33.0,3.5,0.3,0.39,1,1.0,3.0,-62.0,0,1
1285,1.0,46.0,3.8,0.03,-0.7,1,1.0,2.0,-52.0,0,1
1286,2.0,35.0,2.8,-0.03,-0.07,1,1.0,4.0,-61.0,0,1
1287,3.0,32.0,3.1,-1.45,-0.55,1,1.0,3.0,-65.0,0,1
1288,1.0,40.0,3.5,1.45,1.49,1,1.0,2.0,-57.0,0,0
1289,4.0,26.3,3.4,-1.73,-2.0,0,1.0,2.0,-54.0,1,1
1290,5.0,41.0,3.1,0.02,-0.28,1,1.0,3.0,-62.0,0,1
1291,1.0,39.0,3.8,-0.68,-0.68,0,1.0,4.0,-62.0,0,0
1292,1.0,30.0,2.7,-1.56,-1.61,0,1.0,3.0,-61.0,0,0
1293,3.0,32.0,3.5,-0.56,-0.3,0,1.0,3.0,-45.0,1,1
1294,1.0,40.0,3.6,-0.03,0.55,1,1.0,4.0,-62.0,1,1
1295,5.0,47.0,2.8,-1.13,-1.52,1,1.0,3.0,-66.0,0,0
1296,4.0,36.0,2.9,-1.14,-0.95,1,1.0,2.0,-62.0,1,1
1297,3.0,31.0,3.6,-1.64,-1.74,0,1.0,3.0,-62.0,0,1
1298,3.0,29.0,2.5,-2.22,-1.89,0,1.0,3.0,-51.0,0,0
1299,1.0,38.0,3.1,1.31,1.09,1,1.0,3.0,-58.0,0,1
1300,4.0,32.0,2.4,-1.15,-1.06,1,1.0,4.0,-57.0,0,1
1301,5.0,42.0,3.5,0.22,-0.16,1,1.0,4.0,-58.0,0,1
1302,4.0,37.0,3.2,-0.1,-0.43,1,1.0,4.0,-57.0,0,1
1303,3.0,35.0,2.7,-0.32,0.28,1,1.0,5.0,-61.0,0,1
1304,1.0,37.0,3.5,-0.02,-1.21,1,1.0,4.0,-61.0,1,1
1305,3.0,30.0,3.3,-1.37,-1.65,0,1.0,2.0,-61.0,1,0
1306,3.0,34.0,3.0,-0.41,-1.13,1,1.0,3.0,-60.0,1,1
1307,4.0,31.0,2.8,-1.61,-1.13,1,1.0,3.0,-47.0,1,0
1308,3.0,27.5,3.1,-0.52,-0.05,1,1.0,4.0,-62.0,1,1
1309,4.0,38.0,3.0,1.1,0.98,1,2.0,4.0,-58.0,1,1
1310,2.0,29.0,2.4,-0.2,-0.57,0,1.0,2.0,-56.0,0,0
1311,5.0,36.0,3.1,0.64,0.75,1,1.0,4.0,-59.0,0,0
1312,3.0,41.0,3.5,-1.29,-1.88,1,1.0,4.0,-62.0,0,1
1313,3.0,39.0,2.9,-1.03,-1.73,0,1.0,3.0,-62.0,1,1
1314,2.0,34.0,3.0,1.54,1.63,1,1.0,5.0,-60.0,0,1
1315,5.0,37.0,3.1,-1.44,-1.81,0,1.0,4.0,-51.0,0,1
1316,6.0,25.0,3.5,0.0,-0.5,1,1.0,2.0,-53.0,1,0
1317,3.0,34.0,2.9,-0.74,-0.67,0,1.0,3.0,-45.0,0,1
1318,3.0,22.0,3.8,-1.21,-0.13,0,2.0,2.0,-53.0,1,1
1319,4.0,48.0,3.9,1.92,1.31,1,1.0,4.0,-61.0,0,1
1320,3.0,40.0,3.5,0.2,0.34,1,1.0,2.0,-62.0,0,1
1321,4.0,29.0,3.7,-0.85,-1.23,0,1.0,2.0,-66.0,0,0
1322,3.0,32.0,3.3,-1.19,-2.68,0,1.0,2.0,-63.0,1,0
1323,2.0,31.0,2.7,-0.56,-1.17,0,1.0,5.0,-56.0,0,1
1324,1.0,36.0,3.1,-0.46,-1.01,0,1.0,4.0,-62.0,1,1
1325,3.0,34.5,3.2,-0.24,-0.6,1,1.0,4.0,-61.0,0,1
1326,1.0,31.0,2.7,0.19,0.14,1,1.0,3.0,-54.0,0,1
1327,2.0,38.0,2.7,0.0,-0.46,0,1.0,3.0,-57.0,0,1
1328,4.0,39.0,3.8,0.4,0.22,1,1.0,4.0,-63.0,1,1
1329,2.0,28.0,3.6,-1.01,-1.15,0,1.0,2.0,-62.0,0,1
1330,1.0,32.0,2.8,-0.38,-0.3,0,1.0,4.0,-62.0,1,1
1331,4.0,38.5,3.1,0.31,0.34,1,1.0,4.0,-61.0,0,1
1332,4.0,26.5,3.0,0.09,-0.76,0,1.0,3.0,-60.0,1,0
1333,2.0,27.0,3.6,-0.27,-0.33,1,1.0,3.0,-61.0,0,1
1334,1.0,39.0,3.6,1.23,1.57,1,1.0,4.0,-60.0,1,1
1335,1.0,21.0,2.7,-1.22,-2.11,0,1.0,3.0,-63.0,1,0
1336,3.0,40.0,3.2,-0.59,-1.68,0,1.0,3.0,-66.0,0,0
1337,5.0,45.0,3.6,0.71,0.85,1,1.0,4.0,-65.0,1,1
1338,2.0,25.0,3.0,-1.48,-1.84,0,1.0,1.0,-23.0,0,1
1339,2.0,26.5,3.4,-1.44,-0.44,0,1.0,2.0,-61.0,1,1
1340,3.0,37.0,3.5,0.14,0.15,0,2.0,3.0,-54.0,0,1
1341,3.0,33.0,2.6,-0.36,-1.22,1,1.0,5.0,-56.0,0,1
1342,3.0,37.0,3.6,1.27,1.29,1,1.0,3.0,-62.0,1,1
1343,3.0,30.0,2.9,-0.2,-1.41,0,1.0,2.0,-61.0,1,0
1344,4.0,37.0,3.4,-1.21,-0.19,0,1.0,4.0,-64.0,0,1
1345,5.0,36.0,3.5,-0.67,-1.1,0,1.0,4.0,-61.0,0,1
1346,3.0,34.0,3.4,0.86,0.98,1,1.0,4.0,-63.0,0,1
1347,5.0,44.0,2.8,-0.21,-0.68,1,1.0,4.0,-57.0,0,0
1348,1.0,37.0,3.4,-0.07,0.04,1,1.0,5.0,-62.0,1,1
1349,1.0,45.0,3.9,0.2,0.49,1,1.0,3.0,-61.0,1,1
1350,3.0,36.0,3.7,0.26,-0.66,0,1.0,4.0,-67.0,1,0
1351,3.0,37.0,2.9,-0.64,-1.04,0,1.0,3.0,-54.0,0,1
1352,3.0,43.0,3.1,-0.05,-0.07,1,1.0,3.0,-61.0,1,1
1353,4.0,41.0,3.6,0.72,1.09,1,1.0,4.0,-63.0,1,1
1354,3.0,31.0,2.8,-0.98,-1.17,0,2.0,3.0,-57.0,1,1
1355,1.0,34.0,3.1,-0.17,-0.4,0,1.0,4.0,-48.0,1,1
1356,4.0,28.0,3.7,-1.55,-1.61,0,1.0,3.0,-58.0,0,1
1357,3.0,27.3,3.0,0.37,-1.36,0,1.0,4.0,-61.0,1,1
1358,6.0,21.0,2.6,0.02,-1.77,0,1.0,1.0,-58.0,1,0
1359,3.0,29.0,3.5,-1.36,-1.26,0,1.0,4.0,-62.0,0,1
1360,3.0,38.0,3.2,-0.36,0.01,1,2.0,4.0,-45.0,0,1
1361,3.0,34.0,3.5,-0.32,0.58,1,1.0,4.0,-62.0,0,1
1362,4.0,31.0,2.8,-0.1,-0.25,0,1.0,3.0,-54.0,1,0
1363,1.0,40.0,2.9,0.04,0.02,1,1.0,4.0,-57.0,0,1
1364,6.0,25.0,2.0,-0.77,-1.33,0,1.0,2.0,-52.0,0,0
1365,4.0,39.0,2.9,-0.17,-0.37,0,1.0,3.0,-62.0,1,1
1366,1.0,26.0,2.0,-2.12,-2.32,0,1.0,3.0,-60.0,0,0
1367,2.0,31.0,3.6,-0.8,-0.63,0,1.0,4.0,-46.0,1,1
1368,2.0,28.0,3.3,-1.02,-0.91,0,1.0,2.0,-66.0,1,1
1369,1.0,41.0,3.6,1.45,1.66,1,1.0,3.0,-59.0,1,1
1370,3.0,25.0,2.4,-0.33,-0.34,0,1.0,3.0,-62.0,1,0
1371,3.0,31.0,3.4,1.01,1.68,1,1.0,4.0,-67.0,0,1
1372,3.0,30.0,3.3,-1.06,-1.03,0,2.0,3.0,-40.0,0,1
1373,4.0,35.3,2.7,-0.29,-0.85,0,1.0,4.0,-60.0,0,1
1374,2.0,37.0,2.7,0.77,0.27,1,1.0,2.0,-56.0,1,1
1375,6.0,15.0,2.1,-1.22,-0.91,0,1.0,4.0,-52.0,1,0
1376,4.0,35.0,3.4,1.15,1.53,1,1.0,3.0,-58.0,1,1
1377,2.0,25.0,2.6,-1.11,-1.55,0,1.0,5.0,-65.0,1,1
1378,4.0,45.0,3.5,0.34,0.05,1,1.0,3.0,-61.0,1,1
1379,2.0,34.0,3.4,0.13,-0.68,1,1.0,3.0,-58.0,1,1
1380,3.0,35.0,2.8,-1.16,-1.08,0,1.0,3.0,-61.0,1,1
1381,1.0,39.0,3.0,-0.56,-1.38,0,1.0,3.0,-61.0,0,1
1382,3.0,31.0,3.3,-0.24,-0.21,1,1.0,4.0,-60.0,0,1
1383,1.0,29.0,3.0,-1.71,-1.32,0,1.0,2.0,-67.0,1,0
1384,1.0,35.0,3.1,1.74,0.43,1,2.0,4.0,-66.0,1,1
1385,2.0,33.0,2.5,-1.26,-1.36,0,1.0,4.0,-67.0,1,1
1386,3.0,44.0,3.2,0.1,-0.1,1,1.0,4.0,-61.0,0,1
1387,3.0,30.0,2.4,0.03,-0.74,0,1.0,3.0,-58.0,0,1
1388,1.0,25.0,3.6,-0.64,-0.4,0,1.0,3.0,-56.0,0,1
1389,5.0,41.0,3.6,-1.71,-0.98,1,1.0,3.0,-61.0,1,1
1390,1.0,22.7,2.5,-1.34,-1.56,0,1.0,3.0,-57.0,0,0
1391,3.0,35.0,3.4,0.33,0.43,1,1.0,4.0,-63.0,0,1
1392,3.0,20.0,3.2,-2.1,-1.48,0,1.0,2.0,-58.0,1,0
1393,3.0,37.0,3.6,0.58,0.25,1,1.0,4.0,-62.0,1,1
1394,4.0,37.0,2.8,0.16,-0.57,0,2.0,4.0,-57.0,0,1
1395,1.0,36.0,3.3,-1.42,-1.34,0,1.0,3.0,-67.0,1,1
1396,3.0,34.0,3.7,-0.23,-0.2,1,1.0,2.0,-62.0,1,1
1397,3.0,24.0,3.2,-1.78,-0.92,0,2.0,3.0,-62.0,1,0
1398,3.0,38.0,2.6,-1.47,-1.19,0,1.0,3.0,-58.0,0,1
1399,4.0,41.0,3.5,-0.32,-0.39,1,1.0,4.0,-61.0,0,1
1400,5.0,38.0,3.1,-0.98,-0.57,1,1.0,4.0,-62.0,0,1
1401,1.0,40.0,3.8,-0.05,0.41,1,1.0,4.0,-61.0,0,1
1402,3.0,36.0,2.5,-1.65,-2.22,0,1.0,3.0,-63.0,0,1
1403,3.0,29.0,3.6,-0.1,-0.17,1,1.0,4.0,-62.0,1,1
1404,1.0,40.0,3.0,-1.1,-0.91,1,1.0,3.0,-51.0,0,1
1405,3.0,24.5,3.8,0.5,-0.11,0,1.0,4.0,-62.0,1,1
1406,3.0,39.0,2.7,0.15,-1.28,0,1.0,4.0,-59.0,1,1
1407,1.0,34.0,3.3,0.97,0.4,1,1.0,3.0,-62.0,0,0
1408,5.0,37.0,2.7,-1.16,-1.58,0,1.0,5.0,-55.0,1,1
1409,4.0,35.0,3.0,-1.0,-1.44,0,1.0,3.0,-59.0,0,1
1410,4.0,31.0,2.9,-1.38,-1.16,0,1.0,4.0,-67.0,0,0
1411,4.0,20.0,3.0,-3.3,-3.16,0,1.0,2.0,-47.0,1,1
1412,3.0,30.0,3.5,-0.88,-2.08,0,1.0,4.0,-61.0,0,1
1413,3.0,36.0,3.0,-1.4,-1.34,0,1.0,3.0,-60.0,0,1
1414,5.0,45.0,3.6,0.57,0.6,1,1.0,4.0,-67.0,0,1
1415,1.0,27.0,2.9,-0.72,-0.27,0,1.0,2.0,-60.0,0,0
1416,3.0,35.5,3.4,-0.19,-0.44,0,1.0,4.0,-50.0,1,1
1417,4.0,41.0,2.9,1.16,1.41,1,1.0,4.0,-61.0,0,0
1418,1.0,36.0,3.5,1.07,1.1,1,1.0,3.0,-58.0,1,1
1419,3.0,33.5,2.6,-1.03,-1.53,1,1.0,4.0,-60.0,0,0
1420,1.0,32.5,3.3,-1.98,-1.61,0,1.0,3.0,-57.0,0,0
1421,3.0,35.0,3.2,0.02,-0.84,0,1.0,4.0,-61.0,1,1
1422,3.0,46.0,3.2,1.12,1.57,1,1.0,4.0,-49.0,0,1
1423,3.0,38.0,3.4,-0.34,-0.55,1,1.0,2.0,-56.0,1,1
1424,3.0,34.0,3.7,-0.07,-0.27,1,1.0,4.0,-60.0,1,1
1425,1.0,28.0,3.2,-1.61,-1.57,0,1.0,4.0,-60.0,1,0
1426,1.0,34.0,3.6,0.25,0.34,1,2.0,3.0,-60.0,0,1
1427,1.0,24.0,2.8,-1.84,-2.22,0,1.0,4.0,-56.0,0,0
1428,3.0,34.0,3.1,-0.65,-1.85,0,2.0,2.0,-63.0,0,0
1429,6.0,20.0,3.1,-0.77,-0.68,0,1.0,3.0,-62.0,1,0
1430,3.0,42.0,3.4,1.64,1.63,1,1.0,3.0,-56.0,0,1
1431,4.0,31.0,3.0,-0.03,-0.15,1,1.0,3.0,-60.0,0,0
1432,1.0,37.0,3.6,-2.79,-1.06,0,1.0,5.0,-60.0,1,1
1433,3.0,34.0,3.9,-0.18,-0.18,1,1.0,4.0,-62.0,1,0
1434,3.0,36.0,2.9,0.8,1.21,0,2.0,3.0,-56.0,0,1
1435,1.0,41.0,3.1,0.86,0.73,1,1.0,3.0,-61.0,1,1
1436,3.0,35.0,3.2,-0.46,-0.71,0,1.0,5.0,-62.0,0,1
1437,3.0,37.0,3.7,-0.87,-1.16,0,1.0,3.0,-61.0,0,1
1438,4.0,44.0,3.5,-0.52,-0.16,1,1.0,3.0,-47.0,1,1
1439,4.0,36.0,2.9,-0.81,-1.21,0,1.0,3.0,-62.0,0,1
1440,1.0,24.0,2.5,-2.41,-1.99,0,1.0,3.0,-56.0,0,0
1441,3.0,31.0,3.2,0.41,0.47,1,1.0,5.0,-62.0,0,1
1442,1.0,46.0,2.7,0.19,0.72,1,1.0,4.0,-58.0,0,1
1443,3.0,33.0,2.2,-0.33,-0.12,1,1.0,3.0,-45.0,1,1
1444,5.0,43.0,3.5,1.77,1.62,1,1.0,4.0,-61.0,0,1
1445,2.0,29.0,2.3,-1.16,-1.34,0,1.0,4.0,-59.0,0,0
1446,4.0,26.0,3.3,-0.68,-1.01,0,2.0,3.0,-58.0,0,0
1447,1.0,39.0,3.8,0.14,0.94,0,1.0,5.0,-58.0,0,1
1448,3.0,39.0,2.8,1.42,1.3,1,1.0,5.0,-57.0,1,1
1449,3.0,37.0,2.9,0.26,-0.06,1,1.0,4.0,-62.0,1,1
1450,3.0,41.0,3.2,-0.13,-0.42,1,1.0,5.0,-61.0,0,1
1451,1.0,33.0,2.7,0.47,0.1,1,1.0,3.0,-53.0,1,0
1452,3.0,27.0,2.7,-0.73,-0.56,0,2.0,4.0,-57.0,1,1
1453,1.0,33.0,3.8,-0.93,-1.05,0,1.0,3.0,-62.0,1,1
1454,6.0,34.0,2.9,-1.65,-1.73,0,1.0,4.0,-60.0,0,0
1455,1.0,34.0,2.7,-0.65,-0.82,0,2.0,4.0,-57.0,0,0
1456,3.0,31.0,3.0,-0.39,-1.34,0,1.0,3.0,-51.0,1,1
1457,3.0,36.0,2.5,0.41,0.32,1,1.0,3.0,-58.0,1,1
1458,3.0,35.0,3.4,0.51,-0.13,1,1.0,4.0,-60.0,1,1
1459,2.0,22.5,1.9,-0.79,-1.38,0,1.0,3.0,-59.0,0,0
1460,1.0,22.0,2.7,-1.42,-1.3,0,2.0,3.0,-62.0,1,0
1461,3.0,40.0,2.9,0.36,-0.18,1,2.0,3.0,-44.0,0,1
1462,3.0,39.0,2.7,-0.38,-0.63,0,1.0,4.0,-62.0,0,0
1463,2.0,29.5,3.0,-0.6,-0.94,0,1.0,4.0,-60.0,1,1
1464,4.0,42.0,3.7,0.07,-0.09,1,1.0,3.0,-62.0,1,1
1465,1.0,37.0,2.8,0.3,0.42,1,2.0,3.0,-56.0,1,1
1466,3.0,42.0,3.3,-0.79,-1.43,0,1.0,5.0,-62.0,0,1
1467,1.0,39.0,3.4,-0.02,0.19,1,1.0,4.0,-66.0,1,1
1468,1.0,30.5,3.8,0.97,0.68,1,1.0,3.0,-52.0,1,1
1469,4.0,32.0,3.5,0.37,0.49,0,1.0,3.0,-62.0,1,1
1470,6.0,29.0,2.3,-0.97,0.12,1,1.0,4.0,-61.0,1,0
1471,1.0,38.0,3.4,-0.23,-0.32,1,1.0,5.0,-62.0,0,1
1472,3.0,30.5,2.5,-1.48,-0.33,1,1.0,4.0,-48.0,0,0
1473,3.0,41.0,1.9,-1.79,-1.28,0,1.0,4.0,-58.0,0,1
1474,4.0,38.0,2.8,-0.64,-0.96,0,1.0,2.0,-48.0,1,0
1475,1.0,23.0,2.4,-1.75,-1.71,0,1.0,1.0,-50.0,0,0
1476,3.0,36.0,3.5,-0.16,-0.46,0,1.0,3.0,-54.0,0,1
1477,1.0,41.0,3.3,1.32,1.07,1,1.0,4.0,-62.0,1,1
1478,3.0,35.0,3.0,0.26,0.71,1,1.0,4.0,-62.0,0,1
1479,3.0,34.0,2.5,0.89,-0.22,1,1.0,2.0,-58.0,0,1
1480,1.0,41.0,3.4,-0.71,-0.7,1,1.0,4.0,-63.0,0,1
1481,4.0,48.0,3.7,0.2,-0.09,1,1.0,4.0,-62.0,1,0
1482,3.0,33.0,3.2,-0.82,-1.13,0,1.0,3.0,-59.0,0,0
1483,1.0,32.0,2.6,-2.04,-2.64,0,1.0,5.0,-68.0,0,0
1484,3.0,24.0,2.3,-1.28,-2.47,0,2.0,4.0,-67.0,1,0
1485,1.0,41.0,3.2,-0.17,0.38,1,1.0,5.0,-67.0,0,1
1486,3.0,37.0,3.3,-1.1,-0.01,0,1.0,5.0,-59.0,1,1
1487,2.0,34.0,2.9,0.39,0.34,1,1.0,3.0,-59.0,1,1
1488,1.0,31.0,2.8,-0.78,-1.23,0,1.0,2.0,-61.0,0,0
1489,6.0,27.0,3.3,-0.51,-1.17,1,1.0,2.0,-56.0,1,0
1490,4.0,38.0,3.4,0.13,-0.03,1,1.0,4.0,-62.0,1,0
1491,4.0,42.0,2.5,-1.22,-0.8,0,1.0,2.0,-59.0,1,1
1492,3.0,31.0,2.7,0.07,0.23,1,1.0,3.0,-62.0,0,0
1493,4.0,34.0,2.9,0.05,-0.42,0,1.0,3.0,-62.0,1,1
1494,3.0,32.0,3.2,0.36,0.73,1,2.0,4.0,-59.0,0,1
1495,3.0,39.0,2.8,-0.14,-0.27,1,1.0,2.0,-55.0,1,1
1496,1.0,39.0,2.9,0.2,-0.17,1,1.0,4.0,-59.0,0,0
1497,3.0,39.0,2.9,0.49,0.44,1,1.0,4.0,-56.0,0,1
1498,3.0,33.0,3.5,-0.44,-0.92,0,1.0,4.0,-56.0,0,1
1499,2.0,44.0,2.6,-0.05,-1.01,0,1.0,3.0,-56.0,0,1
1500,2.0,34.0,3.3,-1.07,-0.3,0,1.0,5.0,-63.0,1,1
1501,6.0,20.3,2.4,-0.25,-0.12,0,1.0,3.0,-60.0,0,0
1502,3.0,23.0,2.8,-1.77,-2.05,0,1.0,2.0,-65.0,1,0
1503,3.0,34.5,3.1,-0.95,-0.4,0,1.0,3.0,-54.0,0,1
1504,3.0,44.0,3.3,2.04,1.45,1,1.0,3.0,-54.0,1,1
1505,3.0,22.5,2.2,-0.91,-1.31,0,1.0,2.0,-57.0,0,0
1506,1.0,42.0,3.6,1.3,0.87,1,1.0,3.0,-62.0,0,1
1507,4.0,40.0,3.3,-0.85,-1.06,0,1.0,4.0,-62.0,1,1
1508,1.0,28.0,3.2,-0.41,-0.28,1,1.0,2.0,-60.0,0,0
1509,5.0,46.0,3.2,-0.35,-0.35,1,1.0,3.0,-53.0,0,1
1510,5.0,40.0,2.9,0.6,0.04,0,1.0,4.0,-43.0,0,1
1511,3.0,30.0,3.2,-1.28,-1.45,0,1.0,3.0,-62.0,1,1
1512,3.0,38.0,3.3,-0.48,-0.36,1,1.0,3.0,-61.0,1,1
1513,3.0,33.0,3.2,-0.03,-0.73,1,1.0,2.0,-58.0,0,1
1514,4.0,38.0,2.7,-1.04,-0.03,1,2.0,3.0,-45.0,0,1
1515,2.0,35.0,3.4,-1.51,-1.23,0,1.0,4.0,-61.0,1,1
1516,5.0,47.0,3.3,-1.58,-1.71,0,1.0,5.0,-61.0,0,0
1517,3.0,26.5,3.4,-0.52,-1.25,0,1.0,3.0,-68.0,1,1
1518,5.0,41.0,3.7,-0.94,-0.83,0,1.0,2.0,-61.0,1,0
1519,3.0,35.0,2.5,-0.22,-0.25,0,1.0,4.0,-46.0,1,1
1520,1.0,41.0,3.5,0.91,0.79,1,1.0,5.0,-62.0,0,1
1521,3.0,40.0,2.4,-0.82,-0.84,0,1.0,3.0,-64.0,0,1
1522,1.0,38.0,3.5,-0.33,-0.2,1,1.0,1.0,-67.0,0,1
1523,2.0,23.0,2.5,-1.27,-0.97,0,1.0,4.0,-59.0,1,0
1524,1.0,41.0,3.4,1.57,1.84,1,1.0,3.0,-59.0,0,1
1525,3.0,27.7,2.0,-0.81,-0.97,1,1.0,4.0,-59.0,0,1
1526,3.0,36.0,2.9,-0.8,-0.86,1,1.0,3.0,-60.0,0,1
1527,4.0,47.0,2.8,1.12,1.76,1,1.0,5.0,-60.0,0,1
1528,1.0,43.0,3.1,-0.64,-0.9,0,1.0,4.0,-62.0,0,1
1529,3.0,36.0,2.7,-1.29,-1.08,1,1.0,4.0,-60.0,1,1
1530,2.0,37.0,2.8,-0.71,-1.02,0,1.0,4.0,-56.0,0,1
1531,2.0,33.0,3.1,-0.51,-0.32,0,1.0,3.0,-61.0,1,1
1532,6.0,31.5,2.4,-0.06,-0.03,0,1.0,4.0,-60.0,0,1
1533,4.0,30.0,3.8,-0.01,0.35,0,1.0,1.0,-52.0,0,1
1534,2.0,33.0,3.3,-0.69,-1.22,0,1.0,5.0,-62.0,1,1
1535,2.0,29.0,2.9,-0.49,-0.9,0,2.0,3.0,-50.0,0,1
1536,3.0,37.0,3.0,0.53,-0.5,0,1.0,3.0,-58.0,0,0
1537,4.0,36.0,2.9,-1.39,-0.82,0,2.0,3.0,-44.0,0,1
1538,2.0,34.0,3.2,-0.97,-1.0,0,1.0,3.0,-62.0,1,1
1539,3.0,40.0,2.8,1.05,0.83,1,1.0,3.0,-59.0,0,1
1540,3.0,34.0,2.8,-1.83,-2.41,0,1.0,3.0,-61.0,1,0
1541,3.0,32.0,2.9,-0.88,-1.17,0,1.0,4.0,-56.0,0,1
1542,3.0,37.0,2.7,-0.12,-0.19,0,1.0,3.0,-58.0,0,1
1543,2.0,30.0,2.8,-0.58,-0.73,0,2.0,4.0,-57.0,0,1
1544,3.0,26.5,3.4,-0.03,-1.44,0,1.0,2.0,-63.0,0,0
1545,4.0,30.0,2.9,-0.26,-1.61,0,1.0,2.0,-62.0,0,0
1546,3.0,32.5,3.0,1.49,1.04,1,1.0,3.0,-57.0,1,1
1547,1.0,42.0,3.8,0.51,0.31,1,1.0,4.0,-63.0,0,1
1548,3.0,26.0,2.6,-1.26,-1.54,0,1.0,3.0,-62.0,1,0
1549,4.0,46.0,3.8,-0.73,-0.58,1,1.0,4.0,-61.0,1,1
1550,2.0,28.0,3.6,-1.16,-1.05,0,1.0,3.0,-49.0,1,1
1551,4.0,41.0,3.1,-0.71,-1.94,1,1.0,3.0,-60.0,0,1
1552,2.0,30.0,2.9,0.07,0.95,0,1.0,4.0,-62.0,0,1
1553,3.0,29.0,2.9,-0.82,-0.89,0,1.0,3.0,-57.0,1,0
1554,4.0,41.0,3.5,0.75,1.27,1,1.0,5.0,-62.0,1,1
1555,5.0,48.0,3.6,-0.56,-0.12,1,1.0,3.0,-62.0,0,1
1556,3.0,37.0,3.1,0.57,0.3,0,1.0,4.0,-61.0,1,1
1557,1.0,31.5,2.2,-0.51,-0.57,0,1.0,2.0,-55.0,0,0
1558,1.0,34.0,3.5,0.35,-0.23,0,1.0,2.0,-57.0,0,1
1559,4.0,38.0,3.7,-0.65,-0.22,1,1.0,3.0,-60.0,0,1
1560,1.0,41.0,2.7,0.15,0.01,1,1.0,4.0,-65.0,0,0
1561,2.0,23.0,2.1,-1.52,-1.84,0,1.0,3.0,-58.0,0,0
1562,3.0,35.0,3.3,-0.57,-1.24,0,1.0,3.0,-53.0,1,1
1563,4.0,37.0,3.2,0.05,-1.25,1,1.0,4.0,-67.0,0,0
1564,3.0,32.0,3.0,-1.17,-1.76,0,1.0,3.0,-61.0,1,0
1565,3.0,24.0,3.3,-1.57,-0.71,1,1.0,3.0,-61.0,1,1
1566,2.0,32.0,2.4,-0.8,-1.02,0,1.0,4.0,-60.0,0,1
1567,4.0,39.0,3.1,-0.01,0.21,1,1.0,5.0,-61.0,0,1
1568,3.0,37.5,3.5,0.29,-0.14,1,2.0,3.0,-56.0,1,1
1569,3.0,33.0,3.2,0.35,-0.73,1,1.0,4.0,-62.0,1,1
1570,3.0,37.0,3.3,0.6,0.1,0,1.0,3.0,-61.0,0,1
1571,1.0,37.0,3.6,-0.53,-0.98,0,1.0,4.0,-62.0,1,1
1572,1.0,48.0,3.0,0.62,1.0,1,1.0,3.0,-52.0,0,1
1573,4.0,36.0,2.7,-1.11,-0.96,0,2.0,3.0,-60.0,0,1
1574,1.0,47.0,3.9,0.34,0.49,1,2.0,2.0,-49.0,1,1
1575,2.0,31.0,3.9,-0.05,-0.23,1,2.0,1.0,-55.0,1,1
1576,1.0,29.0,2.6,-1.17,-1.25,0,1.0,1.0,-47.0,1,0
1577,2.0,37.0,3.1,0.63,0.69,1,1.0,4.0,-57.0,0,1
1578,3.0,29.0,3.3,-1.21,-1.27,0,1.0,3.0,-61.0,1,1
1579,4.0,37.0,3.1,-0.1,0.52,0,1.0,4.0,-60.0,0,1
1580,3.0,39.0,3.4,-0.23,0.63,1,1.0,2.0,-62.0,0,1
1581,4.0,44.0,2.6,-0.85,-1.55,0,2.0,5.0,-55.0,0,0
1582,3.0,34.0,3.3,-0.03,-0.28,1,1.0,3.0,-49.0,0,1
1583,2.0,34.0,3.2,-0.46,-0.81,0,2.0,3.0,-52.0,1,1
1584,4.0,33.5,3.3,-0.23,0.11,1,1.0,4.0,-55.0,1,1
1585,3.0,40.0,3.7,-0.7,-0.87,1,1.0,4.0,-65.0,0,1
1586,1.0,30.0,2.9,-1.71,-2.1,0,1.0,3.0,-67.0,1,0
1587,4.0,36.0,3.2,-0.54,0.14,1,1.0,5.0,-62.0,0,1
1588,3.0,37.0,2.6,-1.5,-1.24,0,1.0,4.0,-62.0,0,1
1589,5.0,27.7,2.4,-1.7,-0.9,0,1.0,3.0,-61.0,0,0
1590,5.0,39.5,3.5,-1.28,0.07,1,1.0,4.0,-61.0,1,1
1591,3.0,36.0,3.8,1.04,1.09,1,1.0,3.0,-62.0,0,1
1592,2.0,35.0,2.2,-0.58,-1.34,0,1.0,4.0,-56.0,1,1
1593,3.0,39.0,3.4,0.75,0.8,1,1.0,4.0,-62.0,0,1
1594,3.0,38.0,3.1,0.66,0.36,1,1.0,3.0,-62.0,0,1
1595,1.0,27.5,2.8,-0.22,-0.18,1,1.0,3.0,-60.0,0,0
1596,4.0,39.5,3.0,-1.32,-1.64,0,1.0,5.0,-51.0,1,1
1597,1.0,40.0,3.8,0.99,1.14,1,1.0,4.0,-62.0,0,1
1598,6.0,24.0,2.1,-0.38,-0.79,0,1.0,3.0,-60.0,0,1
1599,4.0,38.0,3.5,-0.07,-0.24,1,1.0,3.0,-61.0,1,1
1600,3.0,37.0,2.7,-0.85,-0.63,1,1.0,4.0,-60.0,0,1
1601,1.0,48.0,3.2,0.76,0.75,1,1.0,4.0,-60.0,0,1
1602,3.0,26.0,2.9,0.65,0.23,0,2.0,3.0,-56.0,0,0
1603,1.0,35.0,3.5,-1.87,-1.34,1,1.0,4.0,-61.0,1,1
1604,1.0,36.0,3.5,-2.86,-1.41,0,1.0,1.0,-68.0,1,0
1605,3.0,37.0,3.0,0.86,0.31,1,1.0,5.0,-62.0,0,1
1606,1.0,31.0,2.7,-1.63,-1.57,0,1.0,4.0,-62.0,0,1
1607,3.0,36.0,3.1,0.39,0.6,1,1.0,3.0,-62.0,1,1
1608,2.0,32.0,2.5,-0.86,-0.45,0,2.0,4.0,-56.0,0,1
1609,1.0,42.0,2.8,-1.1,-1.19,0,1.0,2.0,-53.0,0,0
1610,3.0,33.0,2.8,-0.06,-0.72,0,2.0,3.0,-60.0,0,0
1611,3.0,27.5,3.3,0.4,-0.41,1,1.0,3.0,-62.0,1,0
1612,2.0,27.0,2.4,-0.99,-1.97,0,1.0,4.0,-61.0,0,1
1613,4.0,39.0,3.5,-0.26,0.01,0,2.0,3.0,-47.0,1,1
1614,1.0,36.0,3.2,0.53,-0.2,1,1.0,4.0,-61.0,1,1
1615,2.0,28.0,3.1,0.83,0.89,0,1.0,4.0,-61.0,0,1
1616,1.0,26.0,2.5,-3.01,-2.97,0,1.0,3.0,-59.0,0,0
1617,3.0,36.0,2.8,-1.07,-1.5,1,1.0,3.0,-61.0,0,1
1618,3.0,30.7,2.6,-0.78,-1.38,0,2.0,4.0,-55.0,0,1
1619,1.0,30.0,2.6,-0.5,-1.08,1,1.0,2.0,-52.0,0,0
1620,3.0,47.0,3.6,0.95,0.79,1,1.0,2.0,-47.0,1,1
1621,1.0,41.0,3.4,1.28,0.6,1,1.0,4.0,-61.0,0,1
1622,1.0,43.0,3.5,0.42,0.7,1,1.0,4.0,-59.0,0,1
1623,1.0,43.0,2.9,-0.69,-1.56,0,1.0,4.0,-61.0,1,1
1624,1.0,20.0,3.3,-1.05,-0.83,0,1.0,3.0,-61.0,1,0
1625,4.0,40.0,3.6,-1.37,-1.63,0,1.0,3.0,-67.0,1,0
1626,1.0,26.0,2.6,-1.14,-1.76,0,2.0,3.0,-55.0,0,0
1627,4.0,48.0,3.3,-0.06,0.59,1,1.0,5.0,-61.0,0,1
1628,6.0,27.0,2.3,-0.25,-0.75,0,1.0,3.0,-49.0,0,0
1629,3.0,33.5,2.5,-0.91,-1.93,0,1.0,3.0,-60.0,0,1
1630,4.0,39.0,2.9,0.27,0.03,0,1.0,3.0,-55.0,1,1
1631,1.0,21.0,3.5,-1.75,-1.85,1,1.0,2.0,-62.0,0,0
1632,2.0,33.0,3.5,-1.07,-0.93,1,1.0,2.0,-36.0,1,1
1633,3.0,32.0,2.7,0.25,-0.42,1,1.0,4.0,-61.0,0,1
1634,3.0,33.0,3.2,-0.69,-0.69,1,1.0,4.0,-67.0,0,1
1635,5.0,42.0,3.5,1.44,1.29,1,1.0,4.0,-62.0,1,1
1636,1.0,43.0,2.8,-0.59,-1.0,1,1.0,4.0,-55.0,0,1
1637,3.0,33.0,3.1,0.61,-0.23,0,1.0,3.0,-65.0,1,1
1638,4.0,42.0,3.5,1.28,1.28,1,1.0,4.0,-61.0,0,0
1639,3.0,35.0,3.4,0.83,0.29,1,2.0,3.0,-65.0,1,1
1640,3.0,33.0,3.0,0.01,0.25,0,2.0,3.0,-61.0,0,0
1641,2.0,29.0,3.4,-0.17,-0.79,0,1.0,3.0,-62.0,0,1
1642,5.0,39.0,3.7,-0.11,-0.45,1,1.0,3.0,-62.0,1,0
1643,3.0,29.0,3.7,-0.43,-0.68,0,1.0,3.0,-53.0,1,1
1644,4.0,45.0,3.4,0.17,0.44,1,1.0,4.0,-61.0,0,1
1645,3.0,28.0,3.2,-0.83,-0.78,0,1.0,3.0,-61.0,0,0
1646,1.0,32.5,2.7,-0.86,-0.83,1,1.0,4.0,-44.0,1,1
1647,3.0,37.0,2.9,-1.51,-1.58,0,1.0,3.0,-41.0,1,1
1648,2.0,33.0,3.1,-0.99,-0.28,0,1.0,3.0,-61.0,1,1
1649,2.0,37.0,3.0,0.76,0.25,0,2.0,4.0,-62.0,1,1
1650,1.0,34.0,3.1,0.88,-0.41,1,1.0,5.0,-61.0,0,1
1651,4.0,38.5,3.4,-0.97,-1.55,0,1.0,4.0,-57.0,1,1
1652,1.0,34.0,2.9,-1.28,-1.58,0,1.0,3.0,-37.0,1,1
1653,4.0,27.0,4.0,0.39,0.68,1,2.0,2.0,-62.0,1,1
1654,3.0,34.0,2.7,-1.92,-1.29,0,2.0,4.0,-48.0,1,1
1655,1.0,42.0,3.7,0.9,1.01,1,1.0,4.0,-62.0,0,1
1656,2.0,34.0,2.7,0.58,-0.21,1,2.0,3.0,-56.0,0,1
1657,1.0,36.0,3.2,0.47,0.3,1,1.0,4.0,-65.0,0,1
1658,3.0,36.5,2.6,-0.58,-0.81,0,1.0,4.0,-56.0,0,1
1659,5.0,35.0,2.9,-1.28,-1.22,0,1.0,3.0,-62.0,1,0
1660,4.0,39.0,3.2,-0.76,-0.71,0,1.0,4.0,-62.0,1,0
1661,2.0,33.0,2.9,0.14,-1.2,0,2.0,3.0,-57.0,0,1
1662,5.0,44.0,3.5,0.35,0.43,1,1.0,4.0,-62.0,1,1
1663,4.0,32.5,3.1,0.16,-0.56,0,2.0,4.0,-66.0,0,1
1664,3.0,30.0,2.5,-1.51,-1.7,0,1.0,4.0,-47.0,1,1
1665,3.0,37.0,3.1,-1.79,-1.65,0,1.0,4.0,-52.0,0,1
1666,2.0,32.0,3.1,-1.96,-1.18,0,1.0,2.0,-57.0,0,1
1667,1.0,42.0,3.6,0.94,0.7,1,1.0,2.0,-64.0,1,1
1668,3.0,34.0,3.4,-0.29,0.1,1,1.0,2.0,-62.0,0,0
1669,3.0,37.0,3.3,-0.25,-0.5,0,1.0,4.0,-62.0,1,0
1670,1.0,31.0,3.8,-0.03,-0.61,1,1.0,2.0,-63.0,0,1
1671,3.0,35.5,3.4,0.75,0.11,1,1.0,3.0,-61.0,0,1
1672,1.0,40.0,2.5,-0.78,-0.78,1,1.0,1.0,-62.0,0,0
1673,3.0,40.0,3.4,1.88,0.71,1,1.0,4.0,-62.0,0,1
1674,1.0,36.5,3.0,-0.72,-1.5,0,1.0,4.0,-61.0,1,1
1675,3.0,31.0,2.7,-0.68,-0.92,0,1.0,4.0,-60.0,1,0
1676,2.0,33.5,2.8,0.16,-0.4,1,1.0,4.0,-60.0,0,1
1677,4.0,38.0,2.7,0.04,-0.58,0,1.0,4.0,-60.0,0,1
1678,2.0,31.0,2.1,0.04,-0.3,0,2.0,4.0,-49.0,0,1
1679,3.0,43.0,3.2,1.1,1.23,1,1.0,3.0,-54.0,0,1
1680,1.0,38.0,3.6,-0.05,0.1,1,1.0,3.0,-61.0,1,1
1681,4.0,39.0,3.0,0.93,0.81,1,1.0,3.0,-62.0,0,1
1682,4.0,32.0,3.9,0.13,0.54,1,1.0,4.0,-60.0,1,0
1683,1.0,42.0,3.6,0.02,0.52,0,1.0,5.0,-53.0,0,1
1684,2.0,30.5,3.1,-0.18,-0.14,1,1.0,5.0,-59.0,0,1
1685,3.0,39.0,2.8,0.28,-0.26,0,1.0,3.0,-40.0,0,1
1686,1.0,40.0,2.8,0.4,0.32,1,1.0,3.0,-59.0,0,0
1687,1.0,32.0,2.9,-1.68,-1.28,0,1.0,3.0,-63.0,0,0
1688,3.0,31.0,3.2,0.65,0.65,1,1.0,4.0,-62.0,1,1
1689,1.0,42.0,3.2,0.78,0.64,1,1.0,3.0,-63.0,1,1
1690,1.0,42.0,3.0,-1.53,-1.7,0,1.0,3.0,-62.0,0,1
1691,3.0,40.0,3.1,1.17,1.0,1,1.0,4.0,-59.0,0,1
1692,1.0,44.0,3.8,2.16,2.19,1,2.0,4.0,-60.0,1,1
1693,2.0,36.0,3.1,0.15,-0.03,1,1.0,4.0,-61.0,0,1
1694,3.0,41.0,2.3,0.01,-0.49,0,1.0,5.0,-56.0,1,1
1695,3.0,33.0,3.5,-0.05,-0.16,0,1.0,4.0,-62.0,1,1
1696,5.0,43.0,3.5,-0.85,-0.35,1,1.0,2.0,-55.0,1,1
1697,1.0,22.5,3.3,-2.11,-2.15,0,1.0,1.0,-60.0,1,0
1698,3.0,33.0,2.8,0.67,0.54,1,1.0,3.0,-50.0,0,1
1699,2.0,28.5,3.1,0.7,-0.6,1,1.0,3.0,-65.0,1,1
1700,4.0,41.0,3.2,-0.38,-1.11,0,1.0,3.0,-67.0,1,1
1701,3.0,35.0,3.3,-0.52,-0.8,1,1.0,3.0,-61.0,1,1
1702,4.0,31.0,3.1,-1.31,-1.6,0,1.0,2.0,-44.0,0,0
1703,3.0,40.0,2.0,1.71,0.46,1,1.0,5.0,-58.0,0,0
1704,3.0,41.0,2.4,-1.09,-1.81,0,1.0,3.0,-39.0,0,1
1705,3.0,36.0,2.8,-1.98,-1.97,1,1.0,4.0,-62.0,0,0
1706,3.0,34.0,3.7,0.22,0.09,0,1.0,3.0,-55.0,0,1
1707,4.0,48.0,4.0,0.14,0.26,1,1.0,4.0,-53.0,0,1
1708,1.0,33.0,3.7,0.39,0.58,1,1.0,3.0,-44.0,1,1
1709,3.0,36.0,2.7,0.05,-0.53,0,1.0,4.0,-61.0,0,1
1710,3.0,32.0,2.9,0.47,0.33,1,1.0,4.0,-66.0,1,1
1711,3.0,41.0,2.5,-0.89,-1.46,0,1.0,3.0,-61.0,0,0
1712,3.0,32.5,3.6,-0.21,-0.63,1,1.0,4.0,-61.0,0,1
1713,6.0,28.0,2.8,-0.42,0.19,0,1.0,3.0,-41.0,0,0
1714,1.0,42.0,3.0,-0.42,-0.08,1,1.0,3.0,-59.0,0,1
1715,2.0,26.0,3.6,0.7,0.44,1,1.0,3.0,-62.0,1,1
1716,3.0,37.0,3.0,1.28,1.0,1,1.0,3.0,-62.0,1,1
1717,1.0,41.0,2.8,-0.55,-0.35,1,1.0,4.0,-62.0,1,1
1718,3.0,33.0,3.0,-1.02,0.0,0,1.0,3.0,-61.0,1,1
1719,4.0,35.5,3.5,-0.74,-0.86,1,1.0,4.0,-59.0,0,1
1720,3.0,39.0,3.5,-0.35,-0.18,1,1.0,3.0,-67.0,0,1
1721,3.0,44.0,2.1,0.36,0.94,1,2.0,4.0,-52.0,0,1
1722,1.0,33.0,2.4,1.1,1.58,1,1.0,3.0,-58.0,0,0
1723,3.0,30.0,2.8,-0.79,-1.2,0,1.0,5.0,-61.0,0,1
1724,4.0,33.0,3.5,-0.54,-0.2,0,1.0,4.0,-61.0,1,1
1725,1.0,43.0,3.5,2.32,2.13,1,1.0,3.0,-53.0,1,0
1726,1.0,36.0,3.4,1.16,1.12,1,1.0,4.0,-62.0,0,1
1727,2.0,35.0,2.7,0.52,0.35,1,1.0,2.0,-61.0,0,1
1728,3.0,26.0,3.5,-1.07,-1.3,0,1.0,2.0,-62.0,0,0
1729,3.0,28.5,2.1,-1.88,-2.39,0,1.0,3.0,-61.0,0,1
1730,3.0,38.0,3.4,-0.21,-0.55,1,1.0,4.0,-62.0,1,1
1731,3.0,36.0,3.5,0.83,1.14,1,1.0,4.0,-57.0,0,1
1732,3.0,32.5,2.8,-0.45,-0.15,0,1.0,4.0,-58.0,0,1
1733,1.0,42.0,3.3,1.39,0.68,1,1.0,4.0,-62.0,1,1
1734,1.0,41.0,3.2,-0.7,-0.68,1,1.0,4.0,-62.0,0,1
1735,2.0,32.0,2.5,-1.41,-1.19,1,2.0,2.0,-60.0,0,1
1736,1.0,32.0,3.2,-1.5,1.68,0,2.0,3.0,-47.0,0,0
1737,1.0,33.0,3.8,-0.99,-0.6,0,1.0,2.0,-60.0,1,1
1738,1.0,30.0,3.1,-1.74,-1.71,0,1.0,3.0,-62.0,0,0
1739,1.0,42.0,2.9,-1.33,-1.38,0,1.0,4.0,-45.0,1,1
1740,3.0,33.5,3.6,-0.73,-0.78,1,1.0,4.0,-66.0,0,1
1741,3.0,38.0,2.7,-1.33,-2.04,0,1.0,4.0,-62.0,0,1
1742,6.0,33.0,2.5,-0.58,0.08,0,1.0,3.0,-59.0,1,1
1743,3.0,28.0,3.0,0.66,-0.07,1,1.0,2.0,-50.0,0,0
1744,3.0,18.0,2.6,-2.1,-2.09,0,1.0,1.0,-55.0,0,0
1745,1.0,41.0,2.7,-0.03,0.67,1,1.0,4.0,-57.0,1,0
1746,1.0,31.0,3.2,-0.6,-0.66,0,1.0,3.0,-61.0,1,1
1747,4.0,39.0,3.0,-0.25,-0.4,0,1.0,3.0,-46.0,0,1
1748,2.0,34.0,3.9,-0.34,-0.95,0,1.0,3.0,-50.0,0,0
1749,3.0,25.5,2.4,-0.8,-0.64,0,1.0,3.0,-61.0,1,0
1750,1.0,28.0,2.7,-1.22,-1.37,0,1.0,2.0,-57.0,0,0
1751,3.0,26.0,2.1,-1.28,-1.68,0,2.0,3.0,-61.0,0,0
1752,3.0,35.0,3.1,0.99,1.37,1,1.0,3.0,-61.0,1,1
1753,4.0,36.0,3.1,-0.54,-0.09,1,2.0,3.0,-45.0,0,1
1754,1.0,32.0,2.1,-1.12,-0.91,1,1.0,3.0,-61.0,1,0
1755,3.0,39.0,3.9,1.21,1.53,1,1.0,4.0,-62.0,0,1
1756,3.0,24.0,2.8,-1.82,-1.25,0,1.0,3.0,-58.0,1,0
1757,1.0,27.0,2.7,-1.02,-1.14,1,1.0,2.0,-61.0,0,0
1758,1.0,38.0,4.0,1.43,1.1,1,1.0,3.0,-60.0,0,1
1759,1.0,36.0,2.2,-1.06,-1.85,0,1.0,1.0,-56.0,0,0
1760,3.0,36.0,3.7,1.04,1.71,1,1.0,2.0,-58.0,1,1
1761,2.0,37.0,2.7,-0.63,-1.43,0,1.0,4.0,-60.0,0,1
1762,1.0,31.0,3.6,-0.21,0.27,1,1.0,3.0,-61.0,1,1
1763,3.0,37.0,3.2,-0.32,-0.9,0,1.0,4.0,-62.0,0,1
1764,3.0,34.5,3.3,0.77,0.32,1,1.0,4.0,-65.0,1,1
1765,3.0,33.0,3.5,0.17,1.07,1,1.0,3.0,-61.0,1,1
1766,5.0,39.0,3.5,-0.13,-0.71,1,1.0,3.0,-61.0,0,1
1767,2.0,35.0,3.3,0.9,0.97,1,1.0,2.0,-60.0,1,1
1768,3.0,27.0,3.3,-0.03,-1.75,0,1.0,4.0,-62.0,0,0
1769,3.0,35.0,3.6,-1.79,-1.12,0,1.0,3.0,-61.0,0,1
1770,5.0,41.0,3.5,0.52,0.41,1,1.0,3.0,-66.0,0,1
1771,1.0,33.0,2.6,-0.47,-0.49,0,1.0,4.0,-62.0,0,0
1772,2.0,34.0,3.4,0.09,0.19,0,1.0,3.0,-49.0,0,1
1773,3.0,34.0,3.6,0.13,0.79,1,1.0,4.0,-62.0,0,1
1774,1.0,42.0,3.5,-0.86,-2.02,0,1.0,4.0,-59.0,0,1
1775,1.0,34.0,2.7,0.43,-0.98,0,1.0,3.0,-65.0,0,0
1776,4.0,45.0,2.6,-1.04,-0.03,0,2.0,3.0,-48.0,0,1
1777,1.0,35.0,3.1,-1.17,-1.13,0,1.0,3.0,-56.0,0,1
1778,4.0,26.0,2.7,-0.54,-1.08,0,2.0,3.0,-53.0,1,0
1779,3.0,16.5,2.9,-0.6,-1.32,0,2.0,3.0,-59.0,1,0
1780,3.0,31.0,4.0,-1.44,-1.65,1,1.0,3.0,-21.0,0,1
1781,3.0,28.5,2.4,-0.86,-1.53,0,1.0,5.0,-58.0,1,1
1782,2.0,31.0,3.0,-0.29,-0.63,0,1.0,4.0,-60.0,1,0
1783,3.0,30.0,2.4,-0.74,-0.79,0,2.0,4.0,-50.0,0,1
1784,1.0,42.0,2.5,-1.62,-2.29,0,1.0,4.0,-62.0,0,0
1785,4.0,36.0,2.6,-1.07,-0.97,0,1.0,4.0,-48.0,1,1
1786,3.0,30.0,3.4,-0.51,-1.54,0,1.0,3.0,-62.0,1,1
1787,3.0,32.5,2.5,-1.24,-1.51,0,1.0,3.0,-62.0,1,0
1788,3.0,26.0,2.8,-0.4,-1.42,0,1.0,2.0,-59.0,1,0
1789,5.0,42.0,3.7,-1.54,-1.42,0,1.0,2.0,-62.0,0,1
1790,3.0,24.5,2.9,-2.1,-2.48,0,1.0,3.0,-59.0,0,0
1791,3.0,31.0,2.6,-0.43,-1.24,0,1.0,3.0,-61.0,0,1
1792,2.0,33.0,3.2,0.02,0.16,1,1.0,4.0,-56.0,0,1
1793,3.0,40.0,2.4,1.07,0.81,1,1.0,3.0,-45.0,1,1
1794,3.0,33.0,3.3,-0.89,-0.86,1,1.0,4.0,-60.0,0,1
1795,4.0,42.0,3.4,0.04,-0.31,0,1.0,4.0,-56.0,0,1
1796,3.0,39.0,2.7,0.07,-0.02,1,1.0,2.0,-67.0,0,1
1797,3.0,32.5,3.6,-0.58,0.8,1,1.0,3.0,-62.0,1,1
1798,4.0,40.0,3.5,0.36,0.56,1,1.0,3.0,-60.0,0,1
1799,1.0,36.0,3.0,-0.62,-1.15,1,1.0,4.0,-67.0,0,1
1800,3.0,35.0,3.5,-0.04,-0.36,1,1.0,4.0,-65.0,0,1
1801,5.0,36.0,3.7,-0.31,-0.15,1,1.0,4.0,-62.0,1,1
1802,4.0,39.0,3.8,-0.14,-0.29,1,1.0,3.0,-54.0,1,1
1803,1.0,33.0,2.9,0.58,-0.04,0,1.0,3.0,-63.0,1,0
1804,3.0,39.0,3.0,0.59,0.3,1,1.0,4.0,-62.0,0,1
1805,1.0,32.0,1.9,-1.9,-1.39,0,1.0,3.0,-57.0,0,0
1806,4.0,41.0,3.5,0.34,-0.44,1,1.0,3.0,-67.0,0,1
1807,5.0,46.0,3.9,2.24,2.87,1,1.0,3.0,-59.0,1,1
1808,1.0,33.0,3.6,1.27,1.2,1,1.0,2.0,-59.0,0,1
1809,4.0,39.0,3.7,-1.5,-1.86,0,1.0,4.0,-48.0,0,1
1810,1.0,36.0,3.7,-0.75,-0.19,1,1.0,3.0,-61.0,1,1
1811,1.0,41.0,3.1,-0.68,-0.85,1,1.0,4.0,-60.0,1,1
1812,1.0,42.0,3.2,0.02,0.1,1,1.0,4.0,-61.0,0,1
1813,4.0,37.0,2.8,0.73,1.25,1,2.0,5.0,-46.0,1,1
1814,1.0,37.0,3.6,0.8,1.2,1,1.0,4.0,-61.0,0,1
1815,1.0,29.0,2.7,-0.76,-1.5,0,1.0,1.0,-61.0,1,0
1816,1.0,33.0,2.8,-0.76,-0.61,1,1.0,4.0,-60.0,1,1
1817,1.0,32.0,2.7,-0.79,-1.11,0,1.0,4.0,-60.0,1,0
1818,3.0,38.0,3.4,-0.61,-0.04,1,1.0,4.0,-60.0,0,1
1819,3.0,31.5,3.2,-0.34,0.35,1,1.0,3.0,-61.0,1,1
1820,1.0,36.0,3.4,-0.09,0.04,1,1.0,4.0,-59.0,1,1
1821,4.0,40.5,2.1,1.26,-0.33,1,1.0,3.0,-59.0,0,1
1822,4.0,28.5,2.5,-1.19,-1.35,0,2.0,3.0,-36.0,1,0
